audit_id,source_index,input_position,candidate_id,gold_label,augmented_field,semantic_forward,semantic_backward,semantic_min,candidate_nli_predicted_label,candidate_nli_gold_probability,source_nli_status,original_nli_gold_probability,change_ratio,hard_cue_changes,soft_cue_changes,secondary_sts_score,secondary_sts_large_score,secondary_bleurt_score,secondary_roberta_min_entailment,reasons,stratum_population_size
A0001,547621,795,547621:hypothesis:fra_Latn,entailment,hypothesis,0.9955347776412964,0.9970852732658386,0.9955347776412964,entailment,0.9892866015434265,RELIABLE_GOLD,0.9940324425697327,0.23404255319148937,[],[],0.9967136383056641,0.9646679759025574,0.6041018962860107,0.9910284876823425,[],154
A0002,512053,748,512053:hypothesis:fra_Latn,contradiction,hypothesis,0.9962934851646423,0.9958156943321228,0.9958156943321228,contradiction,0.9997307658195496,RELIABLE_GOLD,0.9995456337928772,0.4736842105263158,[],"[{""group"":""negation"",""original"":{""nobody"":1},""candidate"":{""no"":1},""field"":""hypothesis""}]",0.5978107452392578,0.513242781162262,0.3049830496311188,0.9814233183860779,[],129
A0003,347590,522,347590:hypothesis:fra_Latn,contradiction,hypothesis,0.9970961809158325,0.9939472675323486,0.9939472675323486,contradiction,0.9992684721946716,RELIABLE_GOLD,0.9992235898971558,0.05882352941176472,[],[],0.9967834949493408,0.9720808863639832,0.9349201321601868,0.9938169121742249,[],129
A0004,178078,266,178078:premise:fra_Latn,contradiction,premise,0.9975300431251526,0.9972448348999023,0.9972448348999023,contradiction,0.9990754127502441,RELIABLE_GOLD,0.999232292175293,0.1685393258426966,[],[],0.9254476428031921,0.9481878280639648,0.6125441789627075,0.9922139048576355,[],132
A0005,233782,346,233782:hypothesis:fra_Latn,contradiction,hypothesis,0.9985478520393372,0.9980437755584717,0.9980437755584717,contradiction,0.9995841383934021,RELIABLE_GOLD,0.9995765089988708,0.21126760563380287,[],[],0.9017396569252014,0.9617909789085388,0.7789936065673828,0.9907341003417969,[],129
A0006,126619,192,126619:hypothesis:fra_Latn,entailment,hypothesis,0.9960594177246094,0.9959639310836792,0.9959639310836792,entailment,0.9937113523483276,RELIABLE_GOLD,0.9909670948982239,0.24444444444444446,[],"[{""group"":""space"",""original"":{},""candidate"":{""in"":1},""field"":""hypothesis""}]",0.9780457019805908,0.9626262187957764,0.68096923828125,0.9921350479125977,[],154
A0007,204719,297,204719:hypothesis:fra_Latn,contradiction,hypothesis,0.9959398508071899,0.995609700679779,0.995609700679779,contradiction,0.9994074106216431,RELIABLE_GOLD,0.9994925260543823,0.045454545454545414,[],[],0.9960805773735046,0.9683615565299988,0.4960108995437622,0.9935209155082703,[],129
A0008,403976,603,403976:premise:fra_Latn,contradiction,premise,0.996148943901062,0.9968329071998596,0.996148943901062,contradiction,0.9997496008872986,RELIABLE_GOLD,0.9997472167015076,0.039215686274509776,[],"[{""group"":""space"",""original"":{""under"":1},""candidate"":{""under"":1,""in"":1},""field"":""premise""}]",0.9967585206031799,0.9690268635749817,0.9791767597198486,0.989032506942749,[],132
A0009,450897,661,450897:hypothesis:fra_Latn,contradiction,hypothesis,0.9977641105651855,0.9981822967529297,0.9977641105651855,contradiction,0.9989845156669617,RELIABLE_GOLD,0.9969047904014587,0.06329113924050633,[],[],0.9963797926902771,0.9707301259040833,0.8357915878295898,0.9925549626350403,[],129
A0010,169975,250,169975:premise:fra_Latn,neutral,premise,0.9931996464729309,0.9899052977561951,0.9899052977561951,neutral,0.9977734684944153,RELIABLE_GOLD,0.9970142841339111,0.10666666666666669,[],[],0.995016872882843,0.9044045209884644,0.835953414440155,0.9859390258789062,[],118
A0011,90,1,90:hypothesis:fra_Latn,contradiction,hypothesis,0.9970947504043579,0.9971195459365845,0.9970947504043579,contradiction,0.9993472695350647,RELIABLE_GOLD,0.9988769888877869,0.1875,[],[],0.9966153502464294,0.9633382558822632,1.0286519527435303,0.9930799603462219,[],129
A0012,293560,430,293560:premise:fra_Latn,neutral,premise,0.9970400929450989,0.9941549897193909,0.9941549897193909,neutral,0.9995736479759216,RELIABLE_GOLD,0.9995211362838745,0.328125,[],[],0.8502817749977112,0.9278618693351746,0.5943050980567932,0.9791004061698914,[],118
A0013,264247,383,264247:hypothesis:fra_Latn,entailment,hypothesis,0.9975263476371765,0.9969251751899719,0.9969251751899719,entailment,0.9278790354728699,RELIABLE_GOLD,0.9920759201049805,0.44999999999999996,[],"[{""group"":""space"",""original"":{},""candidate"":{""outside"":1},""field"":""hypothesis""}]",0.9843959808349609,0.9606766104698181,0.22838622331619263,0.9934349060058594,[],154
A0014,492175,723,492175:hypothesis:fra_Latn,neutral,hypothesis,0.9961258769035339,0.9937322735786438,0.9937322735786438,neutral,0.9993202686309814,RELIABLE_GOLD,0.9994574189186096,0.08163265306122447,[],"[{""group"":""space"",""original"":{},""candidate"":{""through"":1},""field"":""hypothesis""}]",0.9958037734031677,0.968333899974823,0.8631258010864258,0.993557870388031,[],108
A0015,118275,184,118275:hypothesis:fra_Latn,contradiction,hypothesis,0.9964653253555298,0.997403085231781,0.9964653253555298,contradiction,0.9989261031150818,RELIABLE_GOLD,0.9990719556808472,0.11475409836065575,[],[],0.9385743737220764,0.9673470258712769,0.2550710439682007,0.9848650693893433,[],129
A0016,34221,49,34221:hypothesis:fra_Latn,neutral,hypothesis,0.996299684047699,0.9931227564811707,0.9931227564811707,neutral,0.9631985425949097,RELIABLE_GOLD,0.9715840220451355,0.06451612903225812,[],[],0.9968245029449463,0.9618562459945679,0.8572752475738525,0.9903234243392944,[],108
A0017,351913,530,351913:hypothesis:fra_Latn,entailment,hypothesis,0.9960874319076538,0.9978856444358826,0.9960874319076538,entailment,0.9810422658920288,RELIABLE_GOLD,0.9881287217140198,0.27586206896551724,[],"[{""group"":""space"",""original"":{""outside"":1},""candidate"":{""outside"":1,""on"":1},""field"":""hypothesis""}]",0.981627881526947,0.8950141668319702,0.5012549757957458,0.9919090867042542,[],154
A0018,52808,76,52808:premise:fra_Latn,contradiction,premise,0.997268557548523,0.9964189529418945,0.9964189529418945,contradiction,0.8604274392127991,RELIABLE_GOLD,0.9609857797622681,0.04878048780487809,[],[],0.9963919520378113,0.9688091278076172,0.879205584526062,0.9907767176628113,[],132
A0019,379691,574,379691:premise:fra_Latn,contradiction,premise,0.9927916526794434,0.9954656958580017,0.9927916526794434,contradiction,0.9995028972625732,RELIABLE_GOLD,0.9989246726036072,0.13043478260869568,[],[],0.9903111457824707,0.9689341187477112,0.6146717667579651,0.9891674518585205,[],132
A0020,95485,146,95485:hypothesis:fra_Latn,entailment,hypothesis,0.9959427714347839,0.9971097111701965,0.9959427714347839,entailment,0.9963545799255371,RELIABLE_GOLD,0.9975709319114685,0.10769230769230764,[],"[{""group"":""space"",""original"":{},""candidate"":{""in"":1},""field"":""hypothesis""}]",0.9968253374099731,0.9710659980773926,0.6908431649208069,0.9912036657333374,[],154
A0021,292908,427,292908:premise:fra_Latn,contradiction,premise,0.9970402121543884,0.9963393211364746,0.9963393211364746,contradiction,0.9991534948348999,RELIABLE_GOLD,0.9989691972732544,0.060869565217391286,[],[],0.9967107772827148,0.9712914228439331,0.9830987453460693,0.9930850267410278,[],132
A0022,79799,129,79799:hypothesis:fra_Latn,neutral,hypothesis,0.9977915287017822,0.9968878626823425,0.9968878626823425,neutral,0.9988816380500793,RELIABLE_GOLD,0.9991055130958557,0.17647058823529416,[],[],0.9967547059059143,0.9694129824638367,0.7815426588058472,0.9942881464958191,[],108
A0023,143539,218,143539:premise:fra_Latn,entailment,premise,0.9894422292709351,0.9943835735321045,0.9894422292709351,entailment,0.9811026453971863,RELIABLE_GOLD,0.9880231618881226,0.11111111111111116,[],[],0.996782660484314,0.9716864228248596,0.678215742111206,0.9939295053482056,[],133
A0024,32673,48,32673:hypothesis:fra_Latn,contradiction,hypothesis,0.9975220561027527,0.9966239929199219,0.9966239929199219,contradiction,0.9994598031044006,RELIABLE_GOLD,0.9993467926979065,0.20833333333333337,[],"[{""group"":""negation"",""original"":{""nobody"":1},""candidate"":{""no"":1},""field"":""hypothesis""}]",0.8283897638320923,0.9408746361732483,-0.8902280926704407,0.9915674328804016,[],129
A0025,308436,454,308436:hypothesis:fra_Latn,contradiction,hypothesis,0.9960262775421143,0.9839711785316467,0.9839711785316467,contradiction,0.9997071623802185,RELIABLE_GOLD,0.9996567964553833,0.12903225806451613,[],[],0.9942889213562012,0.9683734774589539,0.8328100442886353,0.9914702773094177,[],129
A0026,161674,236,161674:hypothesis:fra_Latn,entailment,hypothesis,0.9967954754829407,0.9953263998031616,0.9953263998031616,entailment,0.996517539024353,RELIABLE_GOLD,0.9958277344703674,0.23076923076923073,[],[],0.995747983455658,0.9629594087600708,0.9325825572013855,0.9927563071250916,[],154
A0027,164421,240,164421:premise:fra_Latn,contradiction,premise,0.9944493770599365,0.9962672591209412,0.9944493770599365,contradiction,0.9989099502563477,RELIABLE_GOLD,0.998278021812439,0.12432432432432428,[],[],0.9967737793922424,0.9731278419494629,0.8188825249671936,0.9938807487487793,[],132
A0028,509438,743,509438:premise:fra_Latn,entailment,premise,0.9626240134239197,0.9400349855422974,0.9400349855422974,entailment,0.9787978529930115,RELIABLE_GOLD,0.9808907508850098,0.1311475409836066,[],[],0.8631961941719055,0.9515308141708374,0.6753661036491394,0.9405500888824463,[],133
A0029,325880,483,325880:premise:fra_Latn,entailment,premise,0.9901021718978882,0.9957077503204346,0.9901021718978882,entailment,0.9980071187019348,RELIABLE_GOLD,0.9979004859924316,0.03508771929824561,[],[],0.996812641620636,0.9732921123504639,0.6583623290061951,0.9914183616638184,[],133
A0030,487685,714,487685:hypothesis:fra_Latn,neutral,hypothesis,0.9953835606575012,0.9916812777519226,0.9916812777519226,neutral,0.9757763743400574,RELIABLE_GOLD,0.9925249814987183,0.09523809523809523,[],[],0.9952084422111511,0.9538016319274902,1.073087453842163,0.9893213510513306,[],108
A0031,300966,444,300966:premise:fra_Latn,contradiction,premise,0.9969555139541626,0.9962604641914368,0.9962604641914368,contradiction,0.9995512366294861,RELIABLE_GOLD,0.9995579123497009,0.06796116504854366,[],"[{""group"":""space"",""original"":{""on"":2},""candidate"":{""in"":1,""on"":1},""field"":""premise""}]",0.9967733025550842,0.9707427024841309,0.8571621775627136,0.992508590221405,[],132
A0032,124930,189,124930:premise:fra_Latn,neutral,premise,0.9953017234802246,0.9964246153831482,0.9953017234802246,neutral,0.9920949339866638,RELIABLE_GOLD,0.9968034029006958,0.14492753623188404,[],[],0.9886045455932617,0.965720534324646,0.697776198387146,0.9860312938690186,[],118
A0033,189281,282,189281:premise:fra_Latn,neutral,premise,0.9957854151725769,0.9955951571464539,0.9955951571464539,neutral,0.9893345236778259,RELIABLE_GOLD,0.9900975227355957,0.1063829787234043,[],[],0.9961695075035095,0.96803218126297,1.0375782251358032,0.9920706152915955,[],118
A0034,475232,696,475232:premise:fra_Latn,neutral,premise,0.99379962682724,0.9225995540618896,0.9225995540618896,neutral,0.9310048818588257,RELIABLE_GOLD,0.876193106174469,0.1333333333333333,[],"[{""group"":""space"",""original"":{""on"":1},""candidate"":{""in"":1,""on"":2},""field"":""premise""}]",0.9851073622703552,0.9616537094116211,0.10008888691663742,0.9255490303039551,[],118
A0035,413131,610,413131:premise:fra_Latn,neutral,premise,0.9933043122291565,0.9947499632835388,0.9933043122291565,neutral,0.9983215928077698,RELIABLE_GOLD,0.9985820055007935,0.10317460317460314,[],[],0.9903162121772766,0.9711442589759827,0.7473524808883667,0.9927379488945007,[],118
A0036,511871,747,511871:premise:fra_Latn,neutral,premise,0.9963154196739197,0.9844588041305542,0.9844588041305542,neutral,0.9661149382591248,RELIABLE_GOLD,0.9902698993682861,0.09677419354838712,[],[],0.9962917566299438,0.9190813302993774,0.7510846257209778,0.9691508412361145,[],118
A0037,21,0,21:hypothesis:fra_Latn,neutral,hypothesis,0.9981529116630554,0.9976881742477417,0.9976881742477417,neutral,0.9938858151435852,RELIABLE_GOLD,0.9951857924461365,0.15966386554621848,[],[],0.9964950680732727,0.969692587852478,0.746500551700592,0.9928610920906067,[],108
A0038,219803,323,219803:premise:fra_Latn,entailment,premise,0.9948893785476685,0.9946927428245544,0.9946927428245544,entailment,0.9977287650108337,RELIABLE_GOLD,0.9969111084938049,0.19999999999999996,[],[],0.9723338484764099,0.9692009687423706,0.5267734527587891,0.9928354620933533,[],133
A0039,138010,207,138010:hypothesis:fra_Latn,contradiction,hypothesis,0.9981077909469604,0.9977993369102478,0.9977993369102478,contradiction,0.9995043277740479,RELIABLE_GOLD,0.9993240833282471,0.17460317460317465,[],[],0.9965559244155884,0.9605432748794556,0.6551110148429871,0.9924968481063843,[],129
A0040,520042,764,520042:premise:fra_Latn,contradiction,premise,0.9969229102134705,0.9961394667625427,0.9961394667625427,contradiction,0.9993608593940735,RELIABLE_GOLD,0.9994644522666931,0.2743362831858407,[],"[{""group"":""space"",""original"":{},""candidate"":{""on"":1},""field"":""premise""}]",0.9928336143493652,0.9635103344917297,0.4706778824329376,0.9883132576942444,[],132
A0041,431953,635,431953:premise:fra_Latn,entailment,premise,0.981605589389801,0.9948922395706177,0.981605589389801,entailment,0.995741605758667,RELIABLE_GOLD,0.9761167764663696,0.046511627906976716,[],"[{""group"":""space"",""original"":{""in"":1},""candidate"":{},""field"":""premise""}]",0.9966902732849121,0.9608696103096008,0.8130698204040527,0.9810009598731995,[],133
A0042,303583,449,303583:premise:fra_Latn,entailment,premise,0.9948921203613281,0.987559974193573,0.987559974193573,entailment,0.9909769296646118,RELIABLE_GOLD,0.9936717748641968,0.09774436090225569,[],[],0.9877849817276001,0.911746621131897,0.6642851829528809,0.9286189675331116,[],133
A0043,13229,24,13229:hypothesis:fra_Latn,contradiction,hypothesis,0.9969432950019836,0.9966807961463928,0.9966807961463928,contradiction,0.9996335506439209,RELIABLE_GOLD,0.999629020690918,0.07894736842105265,[],[],0.9960206151008606,0.9669193029403687,0.7657190561294556,0.9917628765106201,[],129
A0044,258365,375,258365:hypothesis:fra_Latn,contradiction,hypothesis,0.9822717905044556,0.9068444967269897,0.9068444967269897,contradiction,0.9995487332344055,RELIABLE_GOLD,0.9980502128601074,0.16049382716049387,[],"[{""group"":""space"",""original"":{},""candidate"":{""in"":1},""field"":""hypothesis""}]",0.9235902428627014,0.9597444534301758,0.35109302401542664,0.927925705909729,[],129
A0045,129767,196,129767:premise:fra_Latn,contradiction,premise,0.977899968624115,0.9842827916145325,0.977899968624115,contradiction,0.9996525049209595,RELIABLE_GOLD,0.9996949434280396,0.27007299270072993,[],[],0.8949815034866333,0.9189792275428772,0.47349846363067627,0.9461266994476318,[],132
A0046,332168,493,332168:premise:fra_Latn,contradiction,premise,0.9929541945457458,0.996440589427948,0.9929541945457458,contradiction,0.9972535967826843,RELIABLE_GOLD,0.9978678226470947,0.14814814814814814,[],[],0.9929028153419495,0.9592531323432922,0.6652361750602722,0.992667019367218,[],132
A0047,312572,465,312572:premise:fra_Latn,neutral,premise,0.9950773119926453,0.9945645332336426,0.9945645332336426,neutral,0.9977675676345825,RELIABLE_GOLD,0.997475802898407,0.05797101449275366,[],[],0.9226852059364319,0.9708322286605835,0.863418698310852,0.9882479310035706,[],118
A0048,146160,221,146160:hypothesis:fra_Latn,neutral,hypothesis,0.9960556030273438,0.9968529343605042,0.9960556030273438,neutral,0.8181596994400024,RELIABLE_GOLD,0.8836509585380554,0.19999999999999996,[],"[{""group"":""space"",""original"":{""in"":1},""candidate"":{""in"":1,""on"":1},""field"":""hypothesis""}]",0.924640953540802,0.968031108379364,0.5093473792076111,0.9912575483322144,[],108
A0049,322472,480,322472:premise:fra_Latn,entailment,premise,0.9961376786231995,0.9965564012527466,0.9961376786231995,entailment,0.9937934875488281,RELIABLE_GOLD,0.9966208934783936,0.13684210526315788,[],[],0.9951613545417786,0.9695156216621399,0.8645386695861816,0.9941540360450745,[],133
A0050,62478,93,62478:premise:fra_Latn,entailment,premise,0.9964737296104431,0.9941719174385071,0.9941719174385071,entailment,0.9828693270683289,RELIABLE_GOLD,0.978808581829071,0.1428571428571429,[],[],0.9867715239524841,0.9557738304138184,0.670976996421814,0.9570779204368591,[],133
A0051,290629,421,290629:premise:fra_Latn,entailment,premise,0.9949989318847656,0.9934825301170349,0.9934825301170349,entailment,0.993198812007904,RELIABLE_GOLD,0.995399534702301,0.07999999999999996,[],[],0.9476860761642456,0.9672465324401855,0.6895716190338135,0.9902500510215759,[],133
A0052,528520,776,528520:premise:fra_Latn,entailment,premise,0.9972124695777893,0.9971910119056702,0.9971910119056702,entailment,0.9953629970550537,RELIABLE_GOLD,0.9964052438735962,0.16981132075471694,[],[],0.8994003534317017,0.9681346416473389,0.7391189336776733,0.9922377467155457,[],133
A0053,71585,113,71585:premise:fra_Latn,neutral,premise,0.9946909546852112,0.9963299632072449,0.9946909546852112,neutral,0.9593865275382996,RELIABLE_GOLD,0.9097729921340942,0.07692307692307687,[],"[{""group"":""space"",""original"":{""outside"":1,""in"":2},""candidate"":{""in"":1},""field"":""premise""}]",0.9965711832046509,0.9721454381942749,0.6511573195457458,0.9937137961387634,[],118
A0054,224732,329,224732:hypothesis:fra_Latn,neutral,hypothesis,0.9960733652114868,0.9893938899040222,0.9893938899040222,neutral,0.998481810092926,RELIABLE_GOLD,0.9989604949951172,0.3220338983050848,[],[],0.8882398009300232,0.9087715148925781,0.6735585331916809,0.990393340587616,[],108
A0055,407321,607,407321:hypothesis:fra_Latn,neutral,hypothesis,0.9921159148216248,0.9825989007949829,0.9825989007949829,neutral,0.9970417618751526,RELIABLE_GOLD,0.9973529577255249,0.2321428571428571,[],[],0.8602103590965271,0.9674487709999084,0.14165106415748596,0.9888671040534973,[],108
A0056,219803,323,219803:hypothesis:fra_Latn,entailment,hypothesis,0.996649444103241,0.9963797926902771,0.9963797926902771,entailment,0.9969205856323242,RELIABLE_GOLD,0.9969111084938049,0.28358208955223885,[],[],0.8809987902641296,0.95963454246521,0.3295315206050873,0.9918078780174255,[],154
A0057,291507,423,291507:hypothesis:fra_Latn,neutral,hypothesis,0.9891351461410522,0.9548061490058899,0.9548061490058899,neutral,0.8398936986923218,RELIABLE_GOLD,0.994611382484436,0.1923076923076923,[],[],0.9465152621269226,0.9676138162612915,0.573740541934967,0.8718832731246948,[],108
A0058,67883,107,67883:premise:fra_Latn,contradiction,premise,0.9917219281196594,0.9895808696746826,0.9895808696746826,contradiction,0.9446806311607361,RELIABLE_GOLD,0.9496590495109558,0.032258064516129004,[],[],0.8603323101997375,0.9462103247642517,0.4790956377983093,0.9818509817123413,[],132
A0059,521683,767,521683:hypothesis:fra_Latn,contradiction,hypothesis,0.9978733062744141,0.9970384836196899,0.9970384836196899,contradiction,0.999632716178894,RELIABLE_GOLD,0.9995949864387512,0.12727272727272732,[],[],0.996828019618988,0.9674105048179626,0.8993747234344482,0.9915448427200317,[],129
A0060,88424,139,88424:premise:fra_Latn,entailment,premise,0.9966229200363159,0.9949488639831543,0.9949488639831543,entailment,0.9947713017463684,RELIABLE_GOLD,0.9955462217330933,0.052631578947368474,[],[],0.9967568516731262,0.9675903916358948,0.5327180624008179,0.9908012747764587,[],133
A0061,45940,64,45940:premise:fra_Latn,neutral,premise,0.9751476049423218,0.9888989329338074,0.9751476049423218,neutral,0.8754958510398865,RELIABLE_GOLD,0.9955845475196838,0.125,[],[],0.9791664481163025,0.9171143174171448,0.5858781337738037,0.9852430820465088,[],118
A0062,272787,394,272787:premise:fra_Latn,contradiction,premise,0.9970145225524902,0.9976723790168762,0.9970145225524902,contradiction,0.9237669110298157,RELIABLE_GOLD,0.9873722791671753,0.2183908045977011,[],[],0.9915987253189087,0.9718793034553528,0.6182857751846313,0.993251383304596,[],132
A0063,472789,691,472789:hypothesis:fra_Latn,contradiction,hypothesis,0.9982060194015503,0.9976587295532227,0.9976587295532227,contradiction,0.9992678761482239,RELIABLE_GOLD,0.9994661211967468,0.15555555555555556,[],[],0.9966058731079102,0.9647192358970642,0.9087220430374146,0.992606520652771,[],129
A0064,248126,361,248126:hypothesis:fra_Latn,entailment,hypothesis,0.9977432489395142,0.995831310749054,0.995831310749054,entailment,0.9941457509994507,RELIABLE_GOLD,0.9901540875434875,0.14893617021276595,[],[],0.9949241876602173,0.9625605940818787,0.3875579833984375,0.9929680228233337,[],154
A0065,491039,722,491039:premise:fra_Latn,entailment,premise,0.9970609545707703,0.9981203675270081,0.9970609545707703,entailment,0.9976656436920166,RELIABLE_GOLD,0.996351957321167,0.18048780487804883,[],[],0.9924170970916748,0.9731532335281372,0.36749374866485596,0.9941437840461731,[],133
A0066,5560,14,5560:premise:fra_Latn,neutral,premise,0.9953858256340027,0.9940946698188782,0.9940946698188782,neutral,0.9955888986587524,RELIABLE_GOLD,0.9966065883636475,0.06153846153846154,[],"[{""group"":""space"",""original"":{""in"":1},""candidate"":{},""field"":""premise""}]",0.9967796206474304,0.9699608087539673,0.6358767151832581,0.9834988713264465,[],118
A0067,216738,319,216738:premise:fra_Latn,entailment,premise,0.9968531727790833,0.9947598576545715,0.9947598576545715,entailment,0.9904601573944092,RELIABLE_GOLD,0.9933400750160217,0.07692307692307687,[],[],0.9964779019355774,0.9699535965919495,0.7411186695098877,0.990251898765564,[],133
A0068,425301,624,425301:hypothesis:fra_Latn,neutral,hypothesis,0.9982384443283081,0.9977758526802063,0.9977758526802063,neutral,0.9962814450263977,RELIABLE_GOLD,0.9944708347320557,0.09890109890109888,[],"[{""group"":""space"",""original"":{""on"":1},""candidate"":{},""field"":""hypothesis""}]",0.9956696033477783,0.9673826098442078,0.8409505486488342,0.9920538663864136,[],108
A0069,217803,320,217803:premise:fra_Latn,entailment,premise,0.9922266006469727,0.9866074323654175,0.9866074323654175,entailment,0.9831498265266418,RELIABLE_GOLD,0.9786309003829956,0.48888888888888893,[],"[{""group"":""quantifier"",""original"":{""many"":1},""candidate"":{},""field"":""premise""},{""group"":""space"",""original"":{""over"":1,""on"":1},""candidate"":{""on"":1},""field"":""premise""}]",0.7696093320846558,0.6661557555198669,0.25706586241722107,0.9830458164215088,[],133
A0070,188599,280,188599:hypothesis:fra_Latn,entailment,hypothesis,0.9978692531585693,0.9970837235450745,0.9970837235450745,entailment,0.9982898831367493,RELIABLE_GOLD,0.9969025254249573,0.31999999999999995,[],[],0.996408998966217,0.9630609750747681,0.3836957812309265,0.9925801157951355,[],154
A0071,196673,288,196673:premise:fra_Latn,entailment,premise,0.9972023963928223,0.9974448680877686,0.9972023963928223,entailment,0.997423529624939,RELIABLE_GOLD,0.9961351156234741,0.23076923076923073,[],[],0.9036275148391724,0.8489482402801514,0.6413547992706299,0.9937928915023804,[],133
A0072,263405,381,263405:hypothesis:fra_Latn,neutral,hypothesis,0.9940494298934937,0.9927627444267273,0.9927627444267273,neutral,0.9652493000030518,RELIABLE_GOLD,0.8756958842277527,0.101123595505618,[],[],0.9262830018997192,0.9692702889442444,0.8549517393112183,0.9924969673156738,[],108
A0073,89957,141,89957:hypothesis:fra_Latn,entailment,hypothesis,0.9971030354499817,0.996755063533783,0.996755063533783,entailment,0.9976755976676941,RELIABLE_GOLD,0.9965684413909912,0.14814814814814814,[],[],0.9966243505477905,0.9633286595344543,0.8310536742210388,0.9933214783668518,[],154
A0074,495730,726,495730:hypothesis:fra_Latn,neutral,hypothesis,0.9975016713142395,0.9974460601806641,0.9974460601806641,neutral,0.9972084164619446,RELIABLE_GOLD,0.9978094696998596,0.19298245614035092,[],[],0.9967254400253296,0.9629277586936951,0.43625783920288086,0.9911255240440369,[],108
A0075,180986,267,180986:hypothesis:fra_Latn,contradiction,hypothesis,0.9949486255645752,0.9939974546432495,0.9939974546432495,contradiction,0.998764157295227,RELIABLE_GOLD,0.9983012676239014,0.11538461538461542,[],[],0.9967834949493408,0.9705941081047058,0.6626858115196228,0.9830570816993713,[],129
A0076,71585,113,71585:hypothesis:fra_Latn,neutral,hypothesis,0.9963460564613342,0.9956507086753845,0.9956507086753845,neutral,0.881853461265564,RELIABLE_GOLD,0.9097729921340942,0.08571428571428574,[],[],0.9966378211975098,0.9687076210975647,0.8028058409690857,0.9916213750839233,[],108
A0077,173016,256,173016:premise:fra_Latn,contradiction,premise,0.9960623383522034,0.9928340911865234,0.9928340911865234,contradiction,0.9898166656494141,RELIABLE_GOLD,0.9907602071762085,0.03875968992248058,[],[],0.9967362284660339,0.9724215269088745,1.0235164165496826,0.9940745234489441,[],132
A0078,531157,778,531157:hypothesis:fra_Latn,contradiction,hypothesis,0.9973934888839722,0.9960303902626038,0.9960303902626038,contradiction,0.997958779335022,RELIABLE_GOLD,0.9964371919631958,0.16883116883116878,[],[],0.9917530417442322,0.9708418846130371,0.8715389966964722,0.9931179285049438,[],129
A0079,301629,446,301629:hypothesis:fra_Latn,contradiction,hypothesis,0.9829875230789185,0.9943209886550903,0.9829875230789185,contradiction,0.9983121156692505,RELIABLE_GOLD,0.9994062185287476,0.5882352941176471,[],[],0.8881576061248779,0.959678590297699,-0.37918880581855774,0.991333544254303,[],129
A0080,445694,650,445694:premise:fra_Latn,neutral,premise,0.9973955154418945,0.9959956407546997,0.9959956407546997,neutral,0.876724123954773,RELIABLE_GOLD,0.9665780663490295,0.26717557251908397,[],"[{""group"":""space"",""original"":{},""candidate"":{""on"":1},""field"":""premise""}]",0.9295994639396667,0.948763370513916,0.44262489676475525,0.9831962585449219,[],118
A0081,262023,380,262023:hypothesis:fra_Latn,contradiction,hypothesis,0.9967036843299866,0.9927247762680054,0.9927247762680054,contradiction,0.9975751042366028,RELIABLE_GOLD,0.9921229481697083,0.08333333333333337,[],[],0.9966458678245544,0.9607091546058655,1.0250273942947388,0.9919529557228088,[],129
A0082,188555,278,188555:hypothesis:fra_Latn,entailment,hypothesis,0.9768820405006409,0.9205495119094849,0.9205495119094849,entailment,0.9946426153182983,RELIABLE_GOLD,0.9568198323249817,0.2571428571428571,[],"[{""group"":""space"",""original"":{""on"":1},""candidate"":{},""field"":""hypothesis""}]",0.9227166175842285,0.679595410823822,0.7430063486099243,0.9367350935935974,[],154
A0083,378043,573,378043:hypothesis:fra_Latn,contradiction,hypothesis,0.9960442781448364,0.9974283576011658,0.9960442781448364,contradiction,0.9997121691703796,RELIABLE_GOLD,0.9996732473373413,0.05882352941176472,[],[],0.9967920184135437,0.9688695073127747,0.7003999948501587,0.9920639395713806,[],129
A0084,188981,281,188981:premise:fra_Latn,neutral,premise,0.9955939650535583,0.9952880144119263,0.9952880144119263,neutral,0.9955844283103943,RELIABLE_GOLD,0.9979447722434998,0.07853403141361259,[],[],0.9967373013496399,0.9729676842689514,0.6959705948829651,0.9936019778251648,[],118
A0085,429004,631,429004:hypothesis:fra_Latn,contradiction,hypothesis,0.9552555084228516,0.9461994767189026,0.9461994767189026,contradiction,0.9992400407791138,RELIABLE_GOLD,0.9978576302528381,0.18181818181818177,[],[],0.9686222672462463,0.9112268686294556,0.2918771207332611,0.9742448925971985,[],129
A0086,424045,622,424045:hypothesis:fra_Latn,contradiction,hypothesis,0.9982755184173584,0.9979540109634399,0.9979540109634399,contradiction,0.9987943172454834,RELIABLE_GOLD,0.9982548356056213,0.16923076923076918,[],[],0.9962707757949829,0.9652723670005798,0.48292338848114014,0.991733193397522,[],129
A0087,376513,569,376513:premise:fra_Latn,neutral,premise,0.997285008430481,0.9977176189422607,0.997285008430481,neutral,0.9961788654327393,RELIABLE_GOLD,0.9961410164833069,0.09090909090909094,[],[],0.9953688979148865,0.9680716395378113,0.9107618927955627,0.9937991499900818,[],118
A0088,113482,176,113482:premise:fra_Latn,neutral,premise,0.9937293529510498,0.9932231903076172,0.9932231903076172,neutral,0.9818269610404968,RELIABLE_GOLD,0.9866539835929871,0.23456790123456794,[],"[{""group"":""space"",""original"":{""on"":1},""candidate"":{},""field"":""premise""}]",0.9865472316741943,0.9680870771408081,0.6012145280838013,0.9876677393913269,[],118
A0089,519819,763,519819:premise:fra_Latn,neutral,premise,0.9974777102470398,0.9956895709037781,0.9956895709037781,neutral,0.9990130662918091,RELIABLE_GOLD,0.9987523555755615,0.15254237288135597,[],[],0.9662718772888184,0.8847154378890991,0.6261987686157227,0.9924256801605225,[],118
A0090,418639,616,418639:premise:fra_Latn,contradiction,premise,0.9892515540122986,0.9667538404464722,0.9667538404464722,contradiction,0.999292254447937,RELIABLE_GOLD,0.9993127584457397,0.05147058823529416,[],"[{""group"":""space"",""original"":{""near"":1},""candidate"":{""in"":1,""near"":1},""field"":""premise""}]",0.9547061920166016,0.9379114508628845,0.8152099251747131,0.9614615440368652,[],132
A0091,207276,301,207276:premise:fra_Latn,entailment,premise,0.9958786964416504,0.995821475982666,0.995821475982666,entailment,0.9889860153198242,RELIABLE_GOLD,0.9787431359291077,0.0888888888888889,[],[],0.9966636300086975,0.9711533188819885,0.9331218600273132,0.9935923218727112,[],133
A0092,397864,594,397864:premise:fra_Latn,neutral,premise,0.9955795407295227,0.9971074461936951,0.9955795407295227,neutral,0.9993191957473755,RELIABLE_GOLD,0.9992460012435913,0.0482758620689655,[],[],0.9967589974403381,0.9697192907333374,0.8894476294517517,0.9930906295776367,[],118
A0093,117651,181,117651:premise:fra_Latn,entailment,premise,0.9963812828063965,0.9952267408370972,0.9952267408370972,entailment,0.9904897212982178,RELIABLE_GOLD,0.9940306544303894,0.25,[],"[{""group"":""space"",""original"":{""in"":1},""candidate"":{""on"":1},""field"":""premise""}]",0.8480260968208313,0.9597871899604797,-0.31954339146614075,0.9915665984153748,[],133
A0094,64777,101,64777:hypothesis:fra_Latn,entailment,hypothesis,0.9916322827339172,0.9783731698989868,0.9783731698989868,entailment,0.9881511926651001,RELIABLE_GOLD,0.9922377467155457,0.09859154929577463,[],[],0.9933251738548279,0.9691299796104431,0.9965600967407227,0.9748033881187439,[],154
A0095,388849,583,388849:hypothesis:fra_Latn,contradiction,hypothesis,0.9974339604377747,0.9967767596244812,0.9967767596244812,contradiction,0.9995830655097961,RELIABLE_GOLD,0.9996663331985474,0.07843137254901966,[],[],0.9967316389083862,0.9682292938232422,0.7684222459793091,0.9929401874542236,[],129
A0096,378043,573,378043:premise:fra_Latn,contradiction,premise,0.994019627571106,0.9931647181510925,0.9931647181510925,contradiction,0.9996594190597534,RELIABLE_GOLD,0.9996732473373413,0.3178294573643411,[],"[{""group"":""space"",""original"":{""in"":1},""candidate"":{""near"":1},""field"":""premise""}]",0.9277777075767517,0.8747916221618652,0.3636844754219055,0.9905217885971069,[],132
A0097,62874,94,62874:premise:fra_Latn,contradiction,premise,0.989018976688385,0.9903879761695862,0.989018976688385,contradiction,0.9984171390533447,RELIABLE_GOLD,0.998729407787323,0.12345679012345678,[],"[{""group"":""space"",""original"":{""under"":1,""in"":1},""candidate"":{""under"":1},""field"":""premise""}]",0.9965341091156006,0.9739721417427063,0.8165845274925232,0.9884393215179443,[],132
A0098,387067,582,387067:premise:fra_Latn,neutral,premise,0.9973567724227905,0.997847318649292,0.9973567724227905,neutral,0.9777950048446655,RELIABLE_GOLD,0.9974660873413086,0.22155688622754488,[],"[{""group"":""number"",""original"":{},""candidate"":{""1"":1},""field"":""premise""},{""group"":""space"",""original"":{""in"":1,""on"":1},""candidate"":{""in"":1},""field"":""premise""}]",0.9657065272331238,0.9480632543563843,0.556908905506134,0.9927409291267395,[],118
A0099,337152,500,337152:premise:fra_Latn,contradiction,premise,0.9970013499259949,0.9949678778648376,0.9949678778648376,contradiction,0.9989467263221741,RELIABLE_GOLD,0.9988101720809937,0.08108108108108103,[],[],0.9946830868721008,0.9702479839324951,0.7945480942726135,0.9928662776947021,[],132
A0100,215707,315,215707:premise:fra_Latn,entailment,premise,0.9962853193283081,0.9966013431549072,0.9962853193283081,entailment,0.9967691898345947,RELIABLE_GOLD,0.9966287016868591,0.05970149253731338,[],[],0.996713399887085,0.9724774360656738,0.9388855695724487,0.9933679699897766,[],133
A0101,67883,107,67883:hypothesis:fra_Latn,contradiction,hypothesis,0.9932594895362854,0.996498703956604,0.9932594895362854,contradiction,0.9720247983932495,RELIABLE_GOLD,0.9496590495109558,0.09090909090909094,[],[],0.9968165755271912,0.9679043292999268,0.758729100227356,0.9902114272117615,[],129
A0102,79799,129,79799:premise:fra_Latn,neutral,premise,0.9972732663154602,0.9975751042366028,0.9972732663154602,neutral,0.9988194108009338,RELIABLE_GOLD,0.9991055130958557,0.276595744680851,[],"[{""group"":""number"",""original"":{""1"":1},""candidate"":{},""field"":""premise""},{""group"":""space"",""original"":{""on"":1},""candidate"":{},""field"":""premise""}]",0.9889421463012695,0.9630377888679504,0.5579944849014282,0.9936522245407104,[],118
A0103,238582,355,238582:premise:fra_Latn,neutral,premise,0.9976598024368286,0.9976016879081726,0.9976016879081726,neutral,0.9994646906852722,RELIABLE_GOLD,0.9994496703147888,0.09523809523809523,[],[],0.9631720185279846,0.9679723381996155,0.8316643238067627,0.9930092096328735,[],118
A0104,135294,203,135294:hypothesis:fra_Latn,neutral,hypothesis,0.9972733855247498,0.9925766587257385,0.9925766587257385,neutral,0.9858864545822144,RELIABLE_GOLD,0.9925383925437927,0.17021276595744683,[],[],0.9910374879837036,0.9688832759857178,0.7121498584747314,0.9834502935409546,[],108
A0105,158708,232,158708:premise:fra_Latn,entailment,premise,0.9969950914382935,0.984447717666626,0.984447717666626,entailment,0.9900574088096619,RELIABLE_GOLD,0.9985030889511108,0.18400000000000005,[],[],0.9951143264770508,0.9720226526260376,0.6154475212097168,0.9931089878082275,[],133
A0106,252148,366,252148:hypothesis:fra_Latn,neutral,hypothesis,0.9928598999977112,0.9865526556968689,0.9865526556968689,neutral,0.9972641468048096,RELIABLE_GOLD,0.9980823993682861,0.04477611940298509,[],[],0.9967696666717529,0.9633364677429199,0.6054332852363586,0.9933165311813354,[],108
A0107,195461,286,195461:premise:fra_Latn,entailment,premise,0.9976721405982971,0.9966172575950623,0.9966172575950623,entailment,0.9920280575752258,RELIABLE_GOLD,0.9918997287750244,0.13385826771653542,[],[],0.996679425239563,0.9706409573554993,0.8813877105712891,0.9934870004653931,[],133
A0108,167720,245,167720:premise:fra_Latn,contradiction,premise,0.9958621263504028,0.9370728731155396,0.9370728731155396,contradiction,0.9989070892333984,RELIABLE_GOLD,0.9985164999961853,0.17431192660550454,[],"[{""group"":""space"",""original"":{""front"":1,""in"":1},""candidate"":{},""field"":""premise""}]",0.9896056652069092,0.9708102345466614,0.6795835494995117,0.9799097776412964,[],132
A0109,457899,671,457899:hypothesis:fra_Latn,entailment,hypothesis,0.9968212842941284,0.9973016977310181,0.9968212842941284,entailment,0.9937978386878967,RELIABLE_GOLD,0.9944114089012146,0.03448275862068961,[],[],0.9966013431549072,0.9641662836074829,0.9670112729072571,0.9934253692626953,[],154
A0110,107185,166,107185:hypothesis:fra_Latn,neutral,hypothesis,0.9966158270835876,0.992479681968689,0.992479681968689,neutral,0.9976189732551575,RELIABLE_GOLD,0.9985231757164001,0.1428571428571429,[],[],0.979168176651001,0.944813072681427,-0.08417882025241852,0.9797852635383606,[],108
A0111,508521,740,508521:hypothesis:fra_Latn,neutral,hypothesis,0.9973387122154236,0.9904170036315918,0.9904170036315918,neutral,0.9891303777694702,RELIABLE_GOLD,0.996397852897644,0.2093023255813954,[],[],0.9964969754219055,0.9674023389816284,0.8306105136871338,0.9872122406959534,[],108
A0112,287246,419,287246:hypothesis:fra_Latn,entailment,hypothesis,0.9972144961357117,0.9974483251571655,0.9972144961357117,entailment,0.9827734231948853,RELIABLE_GOLD,0.9839695692062378,0.10344827586206895,[],[],0.9966775178909302,0.9678583145141602,0.9469314813613892,0.9915584325790405,[],154
A0113,276879,397,276879:premise:fra_Latn,neutral,premise,0.9971687197685242,0.9972341656684875,0.9971687197685242,neutral,0.990013837814331,RELIABLE_GOLD,0.8986939787864685,0.10344827586206895,[],"[{""group"":""space"",""original"":{},""candidate"":{""in"":2},""field"":""premise""}]",0.9966273903846741,0.9732416272163391,0.8382737636566162,0.9930277466773987,[],118
A0114,227619,336,227619:hypothesis:fra_Latn,contradiction,hypothesis,0.9881734251976013,0.9715660214424133,0.9715660214424133,contradiction,0.9988000392913818,RELIABLE_GOLD,0.9993534684181213,0.23270440251572322,[],[],0.9633955955505371,0.9269264936447144,0.6399165987968445,0.9887322187423706,[],129
A0115,252089,365,252089:hypothesis:fra_Latn,entailment,hypothesis,0.9963057041168213,0.9966478943824768,0.9963057041168213,entailment,0.9905802607536316,RELIABLE_GOLD,0.9895414710044861,0.05405405405405406,[],"[{""group"":""space"",""original"":{""in"":1},""candidate"":{""on"":1},""field"":""hypothesis""}]",0.9966610670089722,0.9716100096702576,0.8926584720611572,0.993710994720459,[],154
A0116,121762,186,121762:hypothesis:fra_Latn,contradiction,hypothesis,0.9952600598335266,0.9935477375984192,0.9935477375984192,contradiction,0.9993129968643188,RELIABLE_GOLD,0.9989398121833801,0.15294117647058825,[],"[{""group"":""space"",""original"":{""through"":1},""candidate"":{""in"":2},""field"":""hypothesis""}]",0.9963843822479248,0.9702265858650208,0.5408166646957397,0.9847077131271362,[],129
A0117,32175,46,32175:premise:fra_Latn,neutral,premise,0.9960088729858398,0.9969186782836914,0.9960088729858398,neutral,0.999428927898407,RELIABLE_GOLD,0.9993520379066467,0.18367346938775508,[],[],0.9938755631446838,0.9719468355178833,0.6380228996276855,0.9867754578590393,[],118
A0118,71150,112,71150:hypothesis:fra_Latn,entailment,hypothesis,0.9978343844413757,0.9975680708885193,0.9975680708885193,entailment,0.9959924817085266,RELIABLE_GOLD,0.9967435002326965,0.2682926829268293,[],[],0.9951819777488708,0.9527006149291992,0.6567907929420471,0.9930692911148071,[],154
A0119,62914,95,62914:premise:fra_Latn,entailment,premise,0.9955937266349792,0.9917330741882324,0.9917330741882324,entailment,0.9692608118057251,RELIABLE_GOLD,0.9800764918327332,0.040000000000000036,[],[],0.9966264963150024,0.97181636095047,1.0246235132217407,0.9938430786132812,[],133
A0120,295019,434,295019:premise:fra_Latn,entailment,premise,0.9948286414146423,0.9850594997406006,0.9850594997406006,entailment,0.9841623306274414,RELIABLE_GOLD,0.9927035570144653,0.17647058823529416,[],[],0.9955723285675049,0.9464818239212036,0.9421774744987488,0.9484682679176331,[],133
A0121,285462,416,285462:premise:fra_Latn,contradiction,premise,0.984784722328186,0.9858232736587524,0.984784722328186,contradiction,0.9990963935852051,RELIABLE_GOLD,0.9990559220314026,0.15492957746478875,[],[],0.8721159100532532,0.7256734371185303,-0.2807386517524719,0.15961822867393494,[],132
A0122,75090,121,75090:hypothesis:fra_Latn,entailment,hypothesis,0.9938901662826538,0.9873684048652649,0.9873684048652649,entailment,0.9936978220939636,RELIABLE_GOLD,0.989556610584259,0.2142857142857143,[],[],0.9934764504432678,0.9669677019119263,0.9927998781204224,0.9825259447097778,[],154
A0123,32175,46,32175:hypothesis:fra_Latn,neutral,hypothesis,0.9974700212478638,0.9971207976341248,0.9971207976341248,neutral,0.9993636012077332,RELIABLE_GOLD,0.9993520379066467,0.06060606060606055,[],[],0.9967365860939026,0.9634007811546326,0.924243152141571,0.9930084943771362,[],108
A0124,396269,592,396269:hypothesis:fra_Latn,entailment,hypothesis,0.9963726997375488,0.9947399497032166,0.9947399497032166,entailment,0.8981715440750122,RELIABLE_GOLD,0.9610706567764282,0.24137931034482762,[],[],0.9637234210968018,0.964910626411438,0.44768232107162476,0.9917305111885071,[],154
A0125,524854,773,524854:premise:fra_Latn,neutral,premise,0.9966844916343689,0.9933592677116394,0.9933592677116394,neutral,0.9914785027503967,RELIABLE_GOLD,0.9924572706222534,0.07070707070707072,[],[],0.9967940449714661,0.9709493517875671,1.0642424821853638,0.9942365288734436,[],118
A0126,233997,348,233997:premise:fra_Latn,contradiction,premise,0.9952911138534546,0.990706741809845,0.990706741809845,contradiction,0.9992126226425171,RELIABLE_GOLD,0.9994896650314331,0.17567567567567566,[],[],0.9353993535041809,0.9165105819702148,0.47327542304992676,0.9196415543556213,[],132
A0127,512778,751,512778:hypothesis:fra_Latn,contradiction,hypothesis,0.9968760013580322,0.9985954165458679,0.9968760013580322,contradiction,0.998810887336731,RELIABLE_GOLD,0.9979509711265564,0.03448275862068961,[],[],0.8976985812187195,0.967521071434021,0.9526711106300354,0.9913256764411926,[],129
A0128,417237,614,417237:hypothesis:fra_Latn,entailment,hypothesis,0.9958397150039673,0.973100483417511,0.973100483417511,entailment,0.9889853000640869,RELIABLE_GOLD,0.9663259387016296,0.28888888888888886,[],[],0.9273778200149536,0.9561144709587097,0.023467615246772766,0.9908209443092346,[],154
A0129,448093,655,448093:hypothesis:fra_Latn,entailment,hypothesis,0.9924302697181702,0.9604913592338562,0.9604913592338562,entailment,0.9665510654449463,RELIABLE_GOLD,0.996647298336029,0.1636363636363637,[],[],0.8985587954521179,0.8496934771537781,0.26669418811798096,0.8942425847053528,[],154
A0130,150697,228,150697:hypothesis:fra_Latn,contradiction,hypothesis,0.9970937967300415,0.9980021119117737,0.9970937967300415,contradiction,0.9997153878211975,RELIABLE_GOLD,0.9997050166130066,0.06451612903225812,[],[],0.9968090653419495,0.9677357077598572,0.9199715256690979,0.9927186965942383,[],129
A0131,496534,728,496534:premise:fra_Latn,neutral,premise,0.9945929646492004,0.9940981864929199,0.9940981864929199,neutral,0.9982390403747559,RELIABLE_GOLD,0.9976564645767212,0.16384180790960456,[],"[{""group"":""space"",""original"":{""in"":1,""on"":1},""candidate"":{""in"":1},""field"":""premise""}]",0.9967658519744873,0.9713397026062012,0.593621551990509,0.9938039779663086,[],118
A0132,200568,291,200568:premise:fra_Latn,entailment,premise,0.9966213703155518,0.9963326454162598,0.9963326454162598,entailment,0.9976008534431458,RELIABLE_GOLD,0.9974852800369263,0.09999999999999998,[],"[{""group"":""space"",""original"":{""in"":1},""candidate"":{},""field"":""premise""}]",0.9968392848968506,0.97234046459198,0.4071694016456604,0.987970769405365,[],133
A0133,13229,24,13229:premise:fra_Latn,contradiction,premise,0.9966766834259033,0.9976118803024292,0.9966766834259033,contradiction,0.999494194984436,RELIABLE_GOLD,0.999629020690918,0.17500000000000004,[],"[{""group"":""space"",""original"":{""front"":1,""in"":1},""candidate"":{""front"":1,""in"":2},""field"":""premise""}]",0.9898872971534729,0.9682533144950867,0.5778247117996216,0.9929554462432861,[],132
A0134,195920,287,195920:hypothesis:fra_Latn,entailment,hypothesis,0.9810636043548584,0.9825344681739807,0.9810636043548584,entailment,0.9897050261497498,RELIABLE_GOLD,0.9821902513504028,0.19999999999999996,[],"[{""group"":""quantifier"",""original"":{""all"":1},""candidate"":{},""field"":""hypothesis""}]",0.9894497990608215,0.8710569739341736,0.9334558248519897,0.993841290473938,[],154
A0135,457899,671,457899:premise:fra_Latn,entailment,premise,0.9907612204551697,0.9952066540718079,0.9907612204551697,entailment,0.9955931305885315,RELIABLE_GOLD,0.9944114089012146,0.1717171717171717,[],"[{""group"":""space"",""original"":{""in"":3,""on"":1},""candidate"":{""in"":2,""on"":1},""field"":""premise""}]",0.9967460632324219,0.9678165316581726,0.742405891418457,0.9928179979324341,[],133
A0136,38352,54,38352:hypothesis:fra_Latn,contradiction,hypothesis,0.9977225661277771,0.9978594183921814,0.9977225661277771,contradiction,0.9994039535522461,RELIABLE_GOLD,0.999405026435852,0.11764705882352944,[],[],0.9965111613273621,0.9652947187423706,0.9349338412284851,0.993471622467041,[],129
A0137,398883,596,398883:hypothesis:fra_Latn,contradiction,hypothesis,0.9975231289863586,0.9980605244636536,0.9975231289863586,contradiction,0.9954569339752197,RELIABLE_GOLD,0.9969071745872498,0.16049382716049387,[],"[{""group"":""space"",""original"":{},""candidate"":{""in"":1},""field"":""hypothesis""}]",0.9966260194778442,0.9693681001663208,0.6284723281860352,0.9872841835021973,[],129
A0138,5704,15,5704:hypothesis:fra_Latn,neutral,hypothesis,0.9950972199440002,0.9968830943107605,0.9950972199440002,neutral,0.9957078695297241,RELIABLE_GOLD,0.9921020865440369,0.052631578947368474,[],[],0.996644139289856,0.9701396226882935,0.9517354965209961,0.9927748441696167,[],108
A0139,400206,598,400206:premise:fra_Latn,neutral,premise,0.997399091720581,0.9205028414726257,0.9205028414726257,neutral,0.9995808005332947,RELIABLE_GOLD,0.9995505213737488,0.134020618556701,[],[],0.9892728924751282,0.9702293872833252,0.7285587191581726,0.28160181641578674,[],118
A0140,382061,577,382061:hypothesis:fra_Latn,entailment,hypothesis,0.9971809387207031,0.9966244697570801,0.9966244697570801,entailment,0.9979768395423889,RELIABLE_GOLD,0.9963991641998291,0.06930693069306926,[],[],0.9966912269592285,0.9601379632949829,0.8479462265968323,0.9934520721435547,[],154
A0141,188183,276,188183:hypothesis:fra_Latn,entailment,hypothesis,0.9980562925338745,0.9973012804985046,0.9973012804985046,entailment,0.9972701668739319,RELIABLE_GOLD,0.9974859952926636,0.15384615384615385,[],[],0.9962461590766907,0.9634122848510742,0.6182336211204529,0.9920170307159424,[],154
A0142,299336,443,299336:premise:fra_Latn,contradiction,premise,0.9930157661437988,0.9960969090461731,0.9930157661437988,contradiction,0.9987912774085999,RELIABLE_GOLD,0.9993523955345154,0.1724137931034483,[],[],0.9966768026351929,0.9652718305587769,0.7917376756668091,0.9611284732818604,[],132
A0143,142281,216,142281:hypothesis:fra_Latn,entailment,hypothesis,0.986981213092804,0.972724974155426,0.972724974155426,entailment,0.9827350974082947,RELIABLE_GOLD,0.9963710308074951,0.2093023255813954,[],[],0.9377518892288208,0.8018372654914856,0.3392724394798279,0.944801926612854,[],154
A0144,504992,737,504992:hypothesis:fra_Latn,entailment,hypothesis,0.996736466884613,0.9945530295372009,0.9945530295372009,entailment,0.9649501442909241,RELIABLE_GOLD,0.9268132448196411,0.1785714285714286,[],[],0.9964855909347534,0.9649274945259094,0.63938969373703,0.9928585290908813,[],154
A0145,21,0,21:premise:fra_Latn,neutral,premise,0.995466947555542,0.9952712655067444,0.9952712655067444,neutral,0.995555579662323,RELIABLE_GOLD,0.9951857924461365,0.0691823899371069,[],[],0.9967820644378662,0.9731533527374268,0.9375206828117371,0.9929384589195251,[],118
A0146,407270,606,407270:premise:fra_Latn,neutral,premise,0.995334804058075,0.9940133690834045,0.9940133690834045,neutral,0.9985722303390503,RELIABLE_GOLD,0.9988237023353577,0.049180327868852514,[],[],0.996787428855896,0.9709957242012024,0.8666753172874451,0.9931119680404663,[],118
A0147,491039,722,491039:hypothesis:fra_Latn,entailment,hypothesis,0.9958788156509399,0.9965906143188477,0.9958788156509399,entailment,0.9967730641365051,RELIABLE_GOLD,0.996351957321167,0.11731843575418999,[],[],0.992962658405304,0.9732316732406616,0.7537748217582703,0.9886609315872192,[],154
A0148,404415,604,404415:hypothesis:fra_Latn,entailment,hypothesis,0.9950923919677734,0.9966477751731873,0.9950923919677734,entailment,0.996364176273346,RELIABLE_GOLD,0.995964527130127,0.05882352941176472,[],[],0.9967183470726013,0.9698825478553772,0.8943988680839539,0.992161214351654,[],154
A0149,73032,116,73032:premise:fra_Latn,contradiction,premise,0.9768606424331665,0.9800644516944885,0.9768606424331665,contradiction,0.9626449942588806,RELIABLE_GOLD,0.9949851036071777,0.30516431924882625,[],"[{""group"":""space"",""original"":{""outside"":1,""on"":1},""candidate"":{""outside"":1,""in"":1,""on"":1},""field"":""premise""}]",0.8456032872200012,0.8549143671989441,0.40900057554244995,0.9284406304359436,[],132
A0150,123524,187,123524:premise:fra_Latn,contradiction,premise,0.9877675771713257,0.9954739212989807,0.9877675771713257,contradiction,0.9996335506439209,RELIABLE_GOLD,0.999640703201294,0.050000000000000044,[],[],0.9404431581497192,0.8406887054443359,0.7659081816673279,0.9754147529602051,[],132
A0151,277346,398,277346:premise:fra_Latn,entailment,premise,0.9933163523674011,0.9930658340454102,0.9930658340454102,entailment,0.9911513924598694,RELIABLE_GOLD,0.993519127368927,0.07042253521126762,[],[],0.7911200523376465,0.7944557070732117,0.8565691709518433,0.5162159204483032,[],133
A0152,117040,179,117040:premise:fra_Latn,neutral,premise,0.9941250085830688,0.9948592185974121,0.9941250085830688,neutral,0.993438184261322,RELIABLE_GOLD,0.9944433569908142,0.12844036697247707,[],[],0.996579110622406,0.9725109338760376,0.7495740652084351,0.9938272833824158,[],118
A0153,493759,724,493759:hypothesis:fra_Latn,contradiction,hypothesis,0.9903182983398438,0.9819629192352295,0.9819629192352295,contradiction,0.9994159936904907,RELIABLE_GOLD,0.999159574508667,0.1724137931034483,[],[],0.959400475025177,0.7314122915267944,0.06631732732057571,0.9538348317146301,[],129
A0154,512639,749,512639:premise:fra_Latn,neutral,premise,0.9907887578010559,0.9886735081672668,0.9886735081672668,neutral,0.9990267753601074,RELIABLE_GOLD,0.9992159605026245,0.1327433628318584,[],[],0.9190974831581116,0.9545177221298218,0.3842153549194336,0.9840505719184875,[],118
A0155,129526,195,129526:hypothesis:fra_Latn,contradiction,hypothesis,0.9971649050712585,0.9914137125015259,0.9914137125015259,contradiction,0.9991668462753296,RELIABLE_GOLD,0.9995163679122925,0.1333333333333333,[],[],0.9965831637382507,0.966593325138092,0.8370723724365234,0.974963366985321,[],129
A0156,344802,519,344802:hypothesis:fra_Latn,contradiction,hypothesis,0.9962708950042725,0.9959262609481812,0.9959262609481812,contradiction,0.9996949434280396,RELIABLE_GOLD,0.9996844530105591,0.050000000000000044,[],[],0.9967808723449707,0.9653881192207336,0.7613367438316345,0.993559718132019,[],129
A0157,384316,580,384316:premise:fra_Latn,contradiction,premise,0.9960015416145325,0.996039628982544,0.9960015416145325,contradiction,0.999504804611206,RELIABLE_GOLD,0.9994187355041504,0.10924369747899154,[],[],0.9959176182746887,0.9456369280815125,0.6491332054138184,0.9838131666183472,[],132
A0158,394965,590,394965:premise:fra_Latn,entailment,premise,0.988664984703064,0.9900268316268921,0.988664984703064,entailment,0.9949474334716797,RELIABLE_GOLD,0.9940624833106995,0.06666666666666665,[],"[{""group"":""space"",""original"":{""in"":2,""on"":3},""candidate"":{""in"":2,""on"":2},""field"":""premise""}]",0.9163679480552673,0.9695823192596436,0.8361695408821106,0.9941726326942444,[],133
A0159,287124,418,287124:hypothesis:fra_Latn,neutral,hypothesis,0.9943243265151978,0.9875295162200928,0.9875295162200928,neutral,0.9940190315246582,RELIABLE_GOLD,0.9989724159240723,0.07692307692307687,[],[],0.9914869070053101,0.9643316268920898,0.9983334541320801,0.9888779520988464,[],108
A0160,138332,209,138332:hypothesis:fra_Latn,neutral,hypothesis,0.9909890294075012,0.9942464232444763,0.9909890294075012,neutral,0.979345440864563,RELIABLE_GOLD,0.9789368510246277,0.0444444444444444,[],"[{""group"":""space"",""original"":{},""candidate"":{""in"":1},""field"":""hypothesis""}]",0.9960816502571106,0.969283938407898,0.922452449798584,0.9852662682533264,[],108
A0161,233423,345,233423:hypothesis:fra_Latn,neutral,hypothesis,0.9966564178466797,0.9964853525161743,0.9964853525161743,neutral,0.9988422989845276,RELIABLE_GOLD,0.9983159303665161,0.050000000000000044,[],[],0.957157552242279,0.9702687859535217,0.8900846242904663,0.993541955947876,[],108
A0162,431938,634,431938:premise:fra_Latn,contradiction,premise,0.9893336892127991,0.9972471594810486,0.9893336892127991,contradiction,0.9997230172157288,RELIABLE_GOLD,0.9997377991676331,0.25806451612903225,[],"[{""group"":""space"",""original"":{""on"":2},""candidate"":{""in"":1,""on"":2},""field"":""premise""}]",0.9951518774032593,0.9614821672439575,0.5181607604026794,0.9908547401428223,[],132
A0163,4403,10,4403:premise:fra_Latn,neutral,premise,0.9796615839004517,0.9840208888053894,0.9796615839004517,neutral,0.989096999168396,RELIABLE_GOLD,0.9945354461669922,0.2571428571428571,[],"[{""group"":""quantifier"",""original"":{""some"":1},""candidate"":{},""field"":""premise""}]",0.8310784101486206,0.811390221118927,0.16842015087604523,0.3984338045120239,[],118
A0164,310358,458,310358:hypothesis:fra_Latn,neutral,hypothesis,0.9971675276756287,0.9959562420845032,0.9959562420845032,neutral,0.9988240599632263,RELIABLE_GOLD,0.9990717172622681,0.21739130434782605,[],[],0.9943451881408691,0.9670231938362122,0.49882590770721436,0.9937815070152283,[],108
A0165,180986,267,180986:premise:fra_Latn,contradiction,premise,0.9838962554931641,0.9901366233825684,0.9838962554931641,contradiction,0.9984151124954224,RELIABLE_GOLD,0.9983012676239014,0.09090909090909094,[],[],0.9950982928276062,0.9593899250030518,0.5932269096374512,0.9768111705780029,[],132
A0166,282246,411,282246:hypothesis:fra_Latn,neutral,hypothesis,0.9497786164283752,0.996370792388916,0.9497786164283752,neutral,0.9988555908203125,RELIABLE_GOLD,0.9989783763885498,0.35593220338983056,[],"[{""group"":""space"",""original"":{},""candidate"":{""in"":1},""field"":""hypothesis""}]",0.8086318969726562,0.8522782921791077,0.2482953667640686,0.9881095290184021,[],108
A0167,324702,482,324702:premise:fra_Latn,neutral,premise,0.9975188970565796,0.9979854822158813,0.9975188970565796,neutral,0.9993240833282471,RELIABLE_GOLD,0.9991064667701721,0.2789115646258503,[],"[{""group"":""space"",""original"":{""on"":2},""candidate"":{""in"":1,""on"":1},""field"":""premise""}]",0.993316113948822,0.9687997102737427,0.5108909606933594,0.9918212890625,[],118
A0168,316876,472,316876:hypothesis:fra_Latn,neutral,hypothesis,0.9977453351020813,0.9878227114677429,0.9878227114677429,neutral,0.9980809688568115,RELIABLE_GOLD,0.9991544485092163,0.2432432432432432,[],[],0.9151025414466858,0.9148551821708679,0.502856433391571,0.9913511276245117,[],108
A0169,169975,250,169975:hypothesis:fra_Latn,neutral,hypothesis,0.9964338541030884,0.9964942336082458,0.9964338541030884,neutral,0.9935280680656433,RELIABLE_GOLD,0.9970142841339111,0.1333333333333333,[],[],0.9966038465499878,0.969510018825531,0.9482362270355225,0.9935537576675415,[],108
A0170,328469,489,328469:premise:fra_Latn,entailment,premise,0.9965782761573792,0.9968786239624023,0.9965782761573792,entailment,0.9778359532356262,RELIABLE_GOLD,0.9788185358047485,0.1063829787234043,[],[],0.9879683256149292,0.9681416749954224,0.6677227020263672,0.9930867552757263,[],133
A0171,26244,37,26244:premise:fra_Latn,neutral,premise,0.9950703382492065,0.9678703546524048,0.9678703546524048,neutral,0.9476723670959473,RELIABLE_GOLD,0.9370047450065613,0.06422018348623848,[],[],0.9935663342475891,0.9450967907905579,0.9305356740951538,0.9845085144042969,[],118
A0172,447248,653,447248:premise:fra_Latn,entailment,premise,0.9977184534072876,0.9977251887321472,0.9977184534072876,entailment,0.9053764343261719,RELIABLE_GOLD,0.8958956003189087,0.14685314685314688,[],[],0.9967131614685059,0.9726492762565613,0.6971648335456848,0.9914644360542297,[],133
A0173,422758,619,422758:premise:fra_Latn,contradiction,premise,0.9971261620521545,0.9977942705154419,0.9971261620521545,contradiction,0.998997151851654,RELIABLE_GOLD,0.9988296627998352,0.12,[],[],0.9965439438819885,0.9678710699081421,0.7881423830986023,0.9920405745506287,[],132
A0174,63473,96,63473:premise:fra_Latn,entailment,premise,0.9969785213470459,0.9286741614341736,0.9286741614341736,entailment,0.9833282232284546,RELIABLE_GOLD,0.996439516544342,0.08695652173913049,[],[],0.885251522064209,0.9091836214065552,0.8544371724128723,0.9304609298706055,[],133
A0175,282806,414,282806:hypothesis:fra_Latn,entailment,hypothesis,0.9971423745155334,0.9975156784057617,0.9971423745155334,entailment,0.9885503649711609,RELIABLE_GOLD,0.9870772361755371,0.125,[],[],0.9957233667373657,0.9644023776054382,0.9058157205581665,0.9935575127601624,[],154
A0176,287246,419,287246:premise:fra_Latn,entailment,premise,0.9943618774414062,0.9659924507141113,0.9659924507141113,entailment,0.9847487807273865,RELIABLE_GOLD,0.9839695692062378,0.1074380165289256,[],"[{""group"":""space"",""original"":{""in"":1},""candidate"":{""in"":1,""on"":1},""field"":""premise""}]",0.9966828227043152,0.9587262272834778,0.8243585824966431,0.9807901382446289,[],133
A0177,502223,733,502223:premise:fra_Latn,neutral,premise,0.9971587657928467,0.9965840578079224,0.9965840578079224,neutral,0.9911242723464966,RELIABLE_GOLD,0.9838272333145142,0.07801418439716312,[],"[{""group"":""space"",""original"":{},""candidate"":{""in"":1},""field"":""premise""}]",0.996387243270874,0.9702015519142151,0.7071636915206909,0.9933083057403564,[],118
A0178,124930,189,124930:hypothesis:fra_Latn,neutral,hypothesis,0.9957807064056396,0.9935033917427063,0.9935033917427063,neutral,0.9978882670402527,RELIABLE_GOLD,0.9968034029006958,0.09278350515463918,[],"[{""group"":""space"",""original"":{""outside"":1,""on"":1},""candidate"":{""outside"":1},""field"":""hypothesis""}]",0.9520848393440247,0.9531362056732178,0.06993810087442398,0.9856289029121399,[],108
A0179,519469,762,519469:hypothesis:fra_Latn,neutral,hypothesis,0.9983239769935608,0.9980588555335999,0.9980588555335999,neutral,0.9990057349205017,RELIABLE_GOLD,0.9988049268722534,0.10869565217391308,[],"[{""group"":""quantifier"",""original"":{""many"":1},""candidate"":{},""field"":""hypothesis""}]",0.9967578053474426,0.9687268733978271,0.8419244289398193,0.9933241009712219,[],108
A0180,17575,29,17575:premise:fra_Latn,neutral,premise,0.9925656318664551,0.9955202341079712,0.9925656318664551,neutral,0.994096040725708,RELIABLE_GOLD,0.996729850769043,0.08333333333333337,[],[],0.914082944393158,0.9648537039756775,0.6899847984313965,0.9924283623695374,[],118
A0181,132011,198,132011:premise:fra_Latn,entailment,premise,0.9931992888450623,0.9943504929542542,0.9931992888450623,entailment,0.9982289671897888,RELIABLE_GOLD,0.9983224272727966,0.09933774834437081,[],[],0.9968173503875732,0.8903162479400635,0.8947490453720093,0.993485152721405,[],133
A0182,334203,495,334203:premise:fra_Latn,entailment,premise,0.9979896545410156,0.9978235960006714,0.9978235960006714,entailment,0.9866609573364258,RELIABLE_GOLD,0.9887679219245911,0.2325581395348837,[],[],0.996623158454895,0.9699509143829346,0.6258678436279297,0.9925041198730469,[],133
A0183,4403,10,4403:hypothesis:fra_Latn,neutral,hypothesis,0.9564880728721619,0.9799052476882935,0.9564880728721619,neutral,0.9702602028846741,RELIABLE_GOLD,0.9945354461669922,0.24193548387096775,[],[],0.9121253490447998,0.9472091197967529,0.4437676668167114,0.9908785223960876,[],108
A0184,277576,400,277576:hypothesis:fra_Latn,contradiction,hypothesis,0.9971822500228882,0.9962406158447266,0.9962406158447266,contradiction,0.9994993209838867,RELIABLE_GOLD,0.9994262456893921,0.10526315789473684,[],[],0.9965157508850098,0.96684730052948,0.8566367626190186,0.9903385043144226,[],129
A0185,372611,561,372611:hypothesis:fra_Latn,entailment,hypothesis,0.9950660467147827,0.9954061508178711,0.9950660467147827,entailment,0.9881822466850281,RELIABLE_GOLD,0.9933757185935974,0.22033898305084743,[],[],0.9907141923904419,0.9679083228111267,0.8543577790260315,0.9927582740783691,[],154
A0186,524406,772,524406:hypothesis:fra_Latn,neutral,hypothesis,0.9939417839050293,0.9600290656089783,0.9600290656089783,neutral,0.9388926029205322,RELIABLE_GOLD,0.9934629201889038,0.2777777777777778,[],[],0.9570429921150208,0.9418017268180847,0.7159028649330139,0.9667890071868896,[],108
A0187,188599,280,188599:premise:fra_Latn,entailment,premise,0.9851164221763611,0.9966318011283875,0.9851164221763611,entailment,0.9971488118171692,RELIABLE_GOLD,0.9969025254249573,0.17647058823529416,[],"[{""group"":""space"",""original"":{},""candidate"":{""in"":1},""field"":""premise""}]",0.9706754088401794,0.9158473014831543,0.5119272470474243,0.9941078424453735,[],133
A0188,488702,716,488702:hypothesis:fra_Latn,entailment,hypothesis,0.9974071383476257,0.995556652545929,0.995556652545929,entailment,0.9977931976318359,RELIABLE_GOLD,0.9972736239433289,0.10126582278481011,[],"[{""group"":""space"",""original"":{""in"":1,""near"":1,""on"":1},""candidate"":{""in"":1,""on"":1},""field"":""hypothesis""}]",0.9964689016342163,0.9514539837837219,0.6673319935798645,0.9737507700920105,[],154
A0189,241686,357,241686:premise:fra_Latn,contradiction,premise,0.9971157312393188,0.9963099360466003,0.9963099360466003,contradiction,0.9996860027313232,RELIABLE_GOLD,0.9996954202651978,0.07692307692307687,[],[],0.9968662858009338,0.9702157974243164,0.9161958694458008,0.9928423166275024,[],132
A0190,331212,492,331212:hypothesis:fra_Latn,contradiction,hypothesis,0.992413341999054,0.9951268434524536,0.992413341999054,contradiction,0.9991990923881531,RELIABLE_GOLD,0.9990647435188293,0.07692307692307687,[],[],0.9968427419662476,0.9703344106674194,0.6160730123519897,0.98350590467453,[],129
A0191,499937,729,499937:premise:fra_Latn,contradiction,premise,0.9955267310142517,0.9970183372497559,0.9955267310142517,contradiction,0.9995607733726501,RELIABLE_GOLD,0.9990154504776001,0.1071428571428571,[],[],0.9957665205001831,0.966612696647644,0.3538569509983063,0.9914370179176331,[],132
A0192,142281,216,142281:premise:fra_Latn,entailment,premise,0.9800553321838379,0.9897345304489136,0.9800553321838379,entailment,0.994147777557373,RELIABLE_GOLD,0.9963710308074951,0.07070707070707072,[],[],0.8431555032730103,0.856364905834198,0.6646829843521118,0.2740873396396637,[],133
A0193,141386,213,141386:premise:fra_Latn,contradiction,premise,0.9974420070648193,0.9907779693603516,0.9907779693603516,contradiction,0.999359667301178,RELIABLE_GOLD,0.9993948936462402,0.2682926829268293,[],"[{""group"":""space"",""original"":{},""candidate"":{""in"":1},""field"":""premise""}]",0.9163587093353271,0.966417670249939,0.37090757489204407,0.993198812007904,[],132
A0194,528482,775,528482:premise:fra_Latn,entailment,premise,0.9974615573883057,0.9971004128456116,0.9971004128456116,entailment,0.9822023510932922,RELIABLE_GOLD,0.9855297803878784,0.11504424778761058,[],"[{""group"":""space"",""original"":{""in"":2},""candidate"":{""in"":1},""field"":""premise""}]",0.9964514970779419,0.9704412817955017,0.45493000745773315,0.9923121333122253,[],133
A0195,542263,790,542263:premise:fra_Latn,neutral,premise,0.9956393241882324,0.9947915077209473,0.9947915077209473,neutral,0.9945377707481384,RELIABLE_GOLD,0.9982169270515442,0.3055555555555556,[],"[{""group"":""space"",""original"":{""front"":1,""in"":2,""on"":1},""candidate"":{""front"":1,""in"":1,""on"":1},""field"":""premise""}]",0.8770052790641785,0.9685390591621399,0.38998380303382874,0.9869028329849243,[],118
A0196,218557,322,218557:hypothesis:fra_Latn,neutral,hypothesis,0.9948456287384033,0.9951710104942322,0.9948456287384033,neutral,0.9991747736930847,RELIABLE_GOLD,0.9811787009239197,0.14942528735632188,[],[],0.9964147806167603,0.9712991714477539,0.538724958896637,0.9816774725914001,[],108
A0197,13559,25,13559:premise:fra_Latn,entailment,premise,0.9894132018089294,0.9943878054618835,0.9894132018089294,entailment,0.9904975295066833,RELIABLE_GOLD,0.9929476976394653,0.07317073170731703,[],"[{""group"":""space"",""original"":{""in"":1},""candidate"":{""in"":2},""field"":""premise""}]",0.9964414238929749,0.9717279672622681,0.7844387292861938,0.9917722344398499,[],133
A0198,230599,339,230599:hypothesis:fra_Latn,contradiction,hypothesis,0.9977722764015198,0.9952333569526672,0.9952333569526672,contradiction,0.9994851350784302,RELIABLE_GOLD,0.999735414981842,0.05882352941176472,[],[],0.9968311190605164,0.963606059551239,1.0082247257232666,0.9916523098945618,[],129
A0199,266636,386,266636:premise:fra_Latn,entailment,premise,0.9968223571777344,0.9960643649101257,0.9960643649101257,entailment,0.9962367415428162,RELIABLE_GOLD,0.9957369565963745,0.23076923076923073,[],[],0.9965367317199707,0.970131516456604,0.6442444920539856,0.9934430122375488,[],133
A0200,99482,153,99482:premise:fra_Latn,entailment,premise,0.9981691837310791,0.9978280663490295,0.9978280663490295,entailment,0.9895766973495483,RELIABLE_GOLD,0.9888398051261902,0.11688311688311692,[],[],0.9948542714118958,0.9702721238136292,0.4505176246166229,0.9930631518363953,[],133
A0201,531157,778,531157:premise:fra_Latn,contradiction,premise,0.9874833822250366,0.9921896457672119,0.9874833822250366,contradiction,0.9983067512512207,RELIABLE_GOLD,0.9964371919631958,0.14516129032258063,[],[],0.7760118842124939,0.9034542441368103,0.5770715475082397,0.9640763998031616,[],132
A0202,223038,326,223038:hypothesis:fra_Latn,neutral,hypothesis,0.9968331456184387,0.9955418705940247,0.9955418705940247,neutral,0.9927746057510376,RELIABLE_GOLD,0.9921446442604065,0.11827956989247312,[],[],0.9793345928192139,0.9688146114349365,0.7962151169776917,0.9922858476638794,[],108
A0203,277346,398,277346:hypothesis:fra_Latn,entailment,hypothesis,0.9974055886268616,0.998214602470398,0.9974055886268616,entailment,0.9916280508041382,RELIABLE_GOLD,0.993519127368927,0.125,[],[],0.9967610239982605,0.9693431258201599,0.885860025882721,0.9914474487304688,[],154
A0204,314343,468,314343:hypothesis:fra_Latn,entailment,hypothesis,0.9987244009971619,0.9983591437339783,0.9983591437339783,entailment,0.9987885355949402,RELIABLE_GOLD,0.9987090826034546,0.23456790123456794,[],"[{""group"":""space"",""original"":{},""candidate"":{""outside"":1},""field"":""hypothesis""}]",0.9966974258422852,0.9645658135414124,0.6665251851081848,0.9931302666664124,[],154
A0205,456761,668,456761:hypothesis:fra_Latn,contradiction,hypothesis,0.9962044358253479,0.9960162043571472,0.9960162043571472,contradiction,0.9994882345199585,RELIABLE_GOLD,0.9994820952415466,0.05714285714285716,[],[],0.996408998966217,0.9677427411079407,0.5359200239181519,0.991196870803833,[],129
A0206,163640,238,163640:hypothesis:fra_Latn,entailment,hypothesis,0.9956576824188232,0.9973297119140625,0.9956576824188232,entailment,0.9958640336990356,RELIABLE_GOLD,0.9966333508491516,0.08695652173913049,[],[],0.9967008233070374,0.9683499932289124,0.7081630229949951,0.9935413599014282,[],154
A0207,302107,447,302107:hypothesis:fra_Latn,neutral,hypothesis,0.9915362596511841,0.9917383790016174,0.9915362596511841,neutral,0.9111950397491455,RELIABLE_GOLD,0.9811827540397644,0.16666666666666663,[],[],0.9967979788780212,0.9686393737792969,1.0980552434921265,0.888126015663147,[],108
A0208,19844,35,19844:hypothesis:fra_Latn,entailment,hypothesis,0.9950087070465088,0.9938108325004578,0.9938108325004578,entailment,0.9933235049247742,RELIABLE_GOLD,0.9864567518234253,0.050000000000000044,[],[],0.9965895414352417,0.9684476256370544,0.9468920230865479,0.9900504350662231,[],154
A0209,95485,146,95485:premise:fra_Latn,entailment,premise,0.993032693862915,0.9928991794586182,0.9928991794586182,entailment,0.997048556804657,RELIABLE_GOLD,0.9975709319114685,0.09259259259259256,[],[],0.9967966675758362,0.9709986448287964,0.8126978874206543,0.9922139048576355,[],133
A0210,469856,687,469856:hypothesis:fra_Latn,neutral,hypothesis,0.9953889846801758,0.9932423233985901,0.9932423233985901,neutral,0.992734432220459,RELIABLE_GOLD,0.9932206869125366,0.03157894736842104,[],[],0.9967063069343567,0.9685858488082886,0.8925267457962036,0.9915659427642822,[],108
A0211,302885,448,302885:premise:fra_Latn,neutral,premise,0.9962605834007263,0.9966927766799927,0.9962605834007263,neutral,0.998789370059967,RELIABLE_GOLD,0.9989733695983887,0.04065040650406504,[],"[{""group"":""space"",""original"":{},""candidate"":{""in"":1},""field"":""premise""}]",0.9966943264007568,0.9730321168899536,0.9197169542312622,0.9936689734458923,[],118
A0212,38352,54,38352:premise:fra_Latn,contradiction,premise,0.9966371059417725,0.9934139847755432,0.9934139847755432,contradiction,0.9993332028388977,RELIABLE_GOLD,0.999405026435852,0.26530612244897955,[],[],0.9966433048248291,0.966398298740387,0.8023295402526855,0.9928937554359436,[],132
A0213,355550,537,355550:hypothesis:fra_Latn,neutral,hypothesis,0.9967455863952637,0.996982753276825,0.9967455863952637,neutral,0.9990019202232361,RELIABLE_GOLD,0.9991564750671387,0.046511627906976716,[],[],0.9967832565307617,0.9713109135627747,0.7872962951660156,0.9880721569061279,[],108
A0214,184879,274,184879:hypothesis:fra_Latn,neutral,hypothesis,0.9963511228561401,0.9937199354171753,0.9937199354171753,neutral,0.9899362325668335,RELIABLE_GOLD,0.903498113155365,0.07407407407407407,[],[],0.9966229200363159,0.9677026867866516,0.7037572264671326,0.9932390451431274,[],108
A0215,331133,491,331133:premise:fra_Latn,contradiction,premise,0.9962688684463501,0.9876625537872314,0.9876625537872314,contradiction,0.9993491768836975,RELIABLE_GOLD,0.9995423555374146,0.08235294117647063,[],[],0.99679034948349,0.9403167366981506,0.8274193406105042,0.97147536277771,[],132
A0216,369066,554,369066:premise:fra_Latn,contradiction,premise,0.9954264760017395,0.9934573769569397,0.9934573769569397,contradiction,0.9992913007736206,RELIABLE_GOLD,0.9990907907485962,0.0892857142857143,[],[],0.9729423522949219,0.9422797560691833,0.7611435651779175,0.987579882144928,[],132
A0217,464513,680,464513:premise:fra_Latn,contradiction,premise,0.9947478175163269,0.9979636669158936,0.9947478175163269,contradiction,0.9988510608673096,RELIABLE_GOLD,0.9989025592803955,0.23976608187134507,[],"[{""group"":""quantifier"",""original"":{""some"":1},""candidate"":{},""field"":""premise""}]",0.928601086139679,0.957654595375061,0.6058636903762817,0.9906665682792664,[],132
A0218,534650,780,534650:hypothesis:fra_Latn,contradiction,hypothesis,0.952278196811676,0.978779137134552,0.952278196811676,contradiction,0.9992982149124146,RELIABLE_GOLD,0.9995025396347046,0.1470588235294118,[],[],0.9958785772323608,0.8509881496429443,1.040347933769226,0.9921262264251709,[],129
A0219,327733,488,327733:hypothesis:fra_Latn,entailment,hypothesis,0.9975048899650574,0.996775209903717,0.996775209903717,entailment,0.9791206121444702,RELIABLE_GOLD,0.9723532199859619,0.2647058823529411,[],"[{""group"":""space"",""original"":{""in"":1},""candidate"":{""outside"":1,""in"":1},""field"":""hypothesis""}]",0.9964783787727356,0.965386152267456,0.2508763074874878,0.9934002161026001,[],154
A0220,291984,424,291984:hypothesis:fra_Latn,neutral,hypothesis,0.9902522563934326,0.9954255223274231,0.9902522563934326,neutral,0.9989079236984253,RELIABLE_GOLD,0.9989538192749023,0.08737864077669899,[],[],0.8860875964164734,0.8708789348602295,0.8507722020149231,0.9893103837966919,[],108
A0221,422758,619,422758:hypothesis:fra_Latn,contradiction,hypothesis,0.9971020817756653,0.9947634935379028,0.9947634935379028,contradiction,0.9990405440330505,RELIABLE_GOLD,0.9988296627998352,0.15555555555555556,[],[],0.9967769980430603,0.9636833071708679,0.7707576751708984,0.9909907579421997,[],129
A0222,125168,190,125168:hypothesis:fra_Latn,entailment,hypothesis,0.9968662858009338,0.9954148530960083,0.9954148530960083,entailment,0.9975547194480896,RELIABLE_GOLD,0.9974320530891418,0.19148936170212771,[],"[{""group"":""space"",""original"":{},""candidate"":{""in"":1},""field"":""hypothesis""}]",0.9893122315406799,0.9618542790412903,0.31324470043182373,0.9931378960609436,[],154
A0223,369396,555,369396:premise:fra_Latn,contradiction,premise,0.9969826340675354,0.9970093369483948,0.9969826340675354,contradiction,0.9930550456047058,RELIABLE_GOLD,0.9935770630836487,0.1089108910891089,[],"[{""group"":""space"",""original"":{},""candidate"":{""in"":1},""field"":""premise""}]",0.9967537522315979,0.9695025086402893,0.8146544694900513,0.990557074546814,[],132
A0224,80395,130,80395:premise:fra_Latn,neutral,premise,0.9975616931915283,0.9970362186431885,0.9970362186431885,neutral,0.9991969466209412,RELIABLE_GOLD,0.9992133378982544,0.17142857142857137,[],"[{""group"":""space"",""original"":{},""candidate"":{""in"":1},""field"":""premise""}]",0.9967189431190491,0.9667934775352478,0.12376770377159119,0.9925536513328552,[],118
A0225,393497,587,393497:premise:fra_Latn,neutral,premise,0.9976394176483154,0.9967700242996216,0.9967700242996216,neutral,0.9992058873176575,RELIABLE_GOLD,0.9991994500160217,0.0847457627118644,[],"[{""group"":""space"",""original"":{""in"":1},""candidate"":{""in"":2},""field"":""premise""}]",0.9965782761573792,0.9706878662109375,0.837677001953125,0.9896757006645203,[],118
A0226,357578,540,357578:hypothesis:fra_Latn,contradiction,hypothesis,0.9973631501197815,0.9922979474067688,0.9922979474067688,contradiction,0.9992278814315796,RELIABLE_GOLD,0.9994580149650574,0.06382978723404253,[],[],0.8731114864349365,0.9291447997093201,0.8190613985061646,0.9936513304710388,[],129
A0227,62914,95,62914:hypothesis:fra_Latn,entailment,hypothesis,0.996404767036438,0.9939975738525391,0.9939975738525391,entailment,0.973518431186676,RELIABLE_GOLD,0.9800764918327332,0.11340206185567014,[],[],0.996547281742096,0.9691050052642822,0.8602748513221741,0.9930503368377686,[],154
A0228,194020,285,194020:hypothesis:fra_Latn,entailment,hypothesis,0.9971849322319031,0.9956732392311096,0.9956732392311096,entailment,0.9908308982849121,RELIABLE_GOLD,0.9940350651741028,0.18367346938775508,[],[],0.9654775857925415,0.9630939364433289,0.7555373311042786,0.9918447136878967,[],154
A0229,537726,781,537726:premise:fra_Latn,neutral,premise,0.9972634315490723,0.9971458315849304,0.9971458315849304,neutral,0.9989227652549744,RELIABLE_GOLD,0.9990160465240479,0.22857142857142854,[],[],0.9221746921539307,0.9553447365760803,0.12052135169506073,0.9828154444694519,[],118
A0230,307182,452,307182:premise:fra_Latn,contradiction,premise,0.991635799407959,0.9944610595703125,0.991635799407959,contradiction,0.9990946054458618,RELIABLE_GOLD,0.9989594221115112,0.1311475409836066,[],[],0.9968472123146057,0.9714865684509277,0.7540631294250488,0.9934636950492859,[],132
A0231,415665,612,415665:premise:fra_Latn,neutral,premise,0.9951609969139099,0.9961967468261719,0.9951609969139099,neutral,0.984955370426178,RELIABLE_GOLD,0.9895109534263611,0.096045197740113,[],[],0.9965001344680786,0.971941351890564,0.8776454925537109,0.9357976317405701,[],118
A0232,44726,63,44726:premise:fra_Latn,entailment,premise,0.9974130988121033,0.9956954717636108,0.9956954717636108,entailment,0.9911562204360962,RELIABLE_GOLD,0.9923093318939209,0.0864197530864198,[],[],0.9966332316398621,0.9677250981330872,0.8747698068618774,0.9920623302459717,[],133
A0233,8269,18,8269:hypothesis:fra_Latn,entailment,hypothesis,0.9975548386573792,0.9948099851608276,0.9948099851608276,entailment,0.99335116147995,RELIABLE_GOLD,0.9953662157058716,0.19047619047619047,[],[],0.9966478943824768,0.966171383857727,0.8626694679260254,0.9934321045875549,[],154
A0234,118275,184,118275:premise:fra_Latn,contradiction,premise,0.9980124235153198,0.9968376159667969,0.9968376159667969,contradiction,0.9994195699691772,RELIABLE_GOLD,0.9990719556808472,0.125,[],[],0.996588945388794,0.969369113445282,0.6779064536094666,0.9930320978164673,[],132
A0235,303583,449,303583:hypothesis:fra_Latn,entailment,hypothesis,0.9974948167800903,0.9937984347343445,0.9937984347343445,entailment,0.9275785088539124,RELIABLE_GOLD,0.9936717748641968,0.4736842105263158,[],"[{""group"":""space"",""original"":{""in"":1},""candidate"":{""outside"":1},""field"":""hypothesis""}]",0.9247690439224243,0.9588302373886108,0.20969443023204803,0.9929293990135193,[],154
A0236,28431,40,28431:premise:fra_Latn,contradiction,premise,0.9943395256996155,0.9958641529083252,0.9943395256996155,contradiction,0.9996035695075989,RELIABLE_GOLD,0.9995118379592896,0.10144927536231885,[],[],0.9616279006004333,0.970596432685852,0.6715980172157288,0.9801099300384521,[],132
A0237,376513,569,376513:hypothesis:fra_Latn,neutral,hypothesis,0.9893673062324524,0.9963478446006775,0.9893673062324524,neutral,0.9978297352790833,RELIABLE_GOLD,0.9961410164833069,0.20481927710843373,[],[],0.9957608580589294,0.9658613204956055,0.8479862213134766,0.9939255118370056,[],108
A0238,4111,9,4111:hypothesis:fra_Latn,neutral,hypothesis,0.9970977306365967,0.9915760159492493,0.9915760159492493,neutral,0.9986774325370789,RELIABLE_GOLD,0.9993659853935242,0.2710280373831776,[],[],0.9966499209403992,0.9683007001876831,0.40484559535980225,0.9913195967674255,[],108
A0239,295641,437,295641:hypothesis:fra_Latn,neutral,hypothesis,0.9979664087295532,0.9948047995567322,0.9948047995567322,neutral,0.9832401871681213,RELIABLE_GOLD,0.9709680080413818,0.05128205128205132,[],[],0.9967683553695679,0.9691527485847473,0.9306939840316772,0.9861068725585938,[],108
A0240,280508,408,280508:hypothesis:fra_Latn,contradiction,hypothesis,0.9963105320930481,0.9947617650032043,0.9947617650032043,contradiction,0.9994791150093079,RELIABLE_GOLD,0.9995068311691284,0.40909090909090906,[],"[{""group"":""space"",""original"":{},""candidate"":{""inside"":1},""field"":""hypothesis""}]",0.9953937530517578,0.9670583009719849,0.19090023636817932,0.9921682476997375,[],129
