input_position,source_index,original_source_index,candidate_id,original_candidate_id,augmented_field,gold_label,original_premise,original_hypothesis,augmented_premise,augmented_hypothesis,original_sentence,back_translated_sentence,semantic_forward,semantic_backward,semantic_min,current_semantic_forward,current_semantic_backward,current_semantic_min,original_nli_predicted_label,original_nli_gold_probability,candidate_nli_predicted_label,candidate_nli_gold_probability,nli_gold_probability_delta,nli_transition,hard_cue_changes,soft_cue_changes,change_ratio,accepted,reasons,review_categories,review_semantic_equivalent,review_label_preserved,review_useful_augmentation,review_verdict,review_notes,secondary_sts_score,secondary_roberta_forward_entailment,secondary_roberta_backward_entailment,secondary_roberta_min_entailment,secondary_sts_large_score,secondary_bleurt_score,secondary_bart_forward_entailment,secondary_bart_backward_entailment,secondary_bart_min_entailment,expert_semantic_verdict,expert_useful_verdict,expert_notes,final_disagreement_reasons
364,251441,,251441:hypothesis:fra_Latn,,hypothesis,contradiction,,,,,A banna is nailed to the wall.,There's a banana nailed to the wall.,0.9968175888061523,0.9971311092376709,0.9968175888061523,0.9968175888061523,0.9971311092376709,0.9968175888061523,contradiction,0.9952608942985535,contradiction,0.990223228931427,,,[],[],0.18181818181818177,True,[],,,,,,,0.5558006167411804,0.614471435546875,0.7093197107315063,0.614471435546875,0.9625852704048157,-0.6687549352645874,,,,,,,sts_base_vs_large_disagreement|sts_base_below_0.85|bleurt_below_pass_p10
445,301270,,301270:hypothesis:fra_Latn,,hypothesis,entailment,,,,,The little girl is coloring on a white sheet.,The little girl paints on a white sheet.,0.9900699257850647,0.9924790859222412,0.9900699257850647,0.9900699257850647,0.9924790859222412,0.9900699257850647,entailment,0.9921446442604065,entailment,0.9971510767936707,,,[],[],0.15294117647058825,True,[],,,,,,,0.6178236603736877,0.9456209540367126,0.5624182224273682,0.5624182224273682,0.7667306065559387,0.19864478707313538,,,,,,,sts_base_vs_large_disagreement|sts_base_below_0.85|sts_large_below_0.85
301,207276,,207276:hypothesis:fra_Latn,,hypothesis,entailment,,,,,There is food in the dish.,There's food in the plate.,0.9836570620536804,0.995442271232605,0.9836570620536804,0.9836570620536804,0.995442271232605,0.9836570620536804,entailment,0.9787431359291077,entailment,0.95039302110672,,,[],[],0.23076923076923073,True,[],,,,,,,0.6381456255912781,0.9702529311180115,0.978377103805542,0.9702529311180115,0.8258653283119202,0.5311741828918457,,,,,,,sts_base_vs_large_disagreement|sts_base_below_0.85|sts_large_below_0.85
181,117651,,117651:hypothesis:fra_Latn,,hypothesis,entailment,,,,,A dog is pooping.,A dog does shit.,0.9926437735557556,0.96269690990448,0.96269690990448,0.9926437735557556,0.96269690990448,0.96269690990448,entailment,0.9940306544303894,entailment,0.9929770827293396,,,[],[],0.3939393939393939,True,[],,,,,,,0.6966562867164612,0.9932517409324646,0.97852623462677,0.97852623462677,0.7244896292686462,-0.6457722187042236,,,,,,,sts_base_below_0.85|sts_large_below_0.85|bleurt_below_pass_p10
400,277576,,277576:premise:fra_Latn,,premise,contradiction,,,,,A golfer wearing a striped red polo shirt and white pants watches his drive after swinging.,A golfer in a striped red polo and white pants looks at his car after swinging.,0.9948379397392273,0.9898780584335327,0.9898780584335327,0.9948379397392273,0.9898780584335327,0.9898780584335327,contradiction,0.9994262456893921,contradiction,0.9992571473121643,,,[],"[{""group"":""space"",""original"":{},""candidate"":{""in"":1},""field"":""premise""}]",0.16470588235294115,True,[],,,,,,,0.7429068684577942,0.7062471508979797,0.7219580411911011,0.7062471508979797,0.7731997966766357,0.631289005279541,,,,,,,sts_base_below_0.85|sts_large_below_0.85|known_risk_source
314,215221,,215221:premise:fra_Latn,,premise,neutral,,,,,A waveboarder skims through the surf at sunset.,A surfer crosses the wave at sunset.,0.995593249797821,0.9914189577102661,0.9914189577102661,0.995593249797821,0.9914189577102661,0.9914189577102661,neutral,0.9949972629547119,neutral,0.9941800832748413,,,[],"[{""group"":""space"",""original"":{""through"":1},""candidate"":{},""field"":""premise""}]",0.5903614457831325,True,[],,,,,,,0.7623723745346069,0.9630483984947205,0.7999269366264343,0.7999269366264343,0.8960965275764465,0.3403272032737732,,,,,,,sts_base_vs_large_disagreement|sts_base_below_0.85|known_risk_source
320,217803,,217803:premise:fra_Latn,,premise,entailment,,,,,Many people stand on an overpass looking over.,A lot of people stand on a bridge and watch.,0.9922266006469727,0.9866074323654175,0.9866074323654175,0.9922266006469727,0.9866074323654175,0.9866074323654175,entailment,0.9786309003829956,entailment,0.9831498265266418,,,[],"[{""group"":""quantifier"",""original"":{""many"":1},""candidate"":{},""field"":""premise""},{""group"":""space"",""original"":{""over"":1,""on"":1},""candidate"":{""on"":1},""field"":""premise""}]",0.48888888888888893,True,[],,,,,,,0.7696093320846558,0.984131395816803,0.9830458164215088,0.9830458164215088,0.6661557555198669,0.25706586241722107,,,,,,,sts_base_vs_large_disagreement|sts_base_below_0.85|sts_large_below_0.85
41,28875,,28875:premise:fra_Latn,,premise,contradiction,,,,,Boys in Africa are outside playing soccer and enjoying themselves.,African boys are out playing football and having fun.,0.9945857524871826,0.9966717958450317,0.9945857524871826,0.9945857524871826,0.9966717958450317,0.9945857524871826,contradiction,0.9995566010475159,contradiction,0.999514102935791,,,[],"[{""group"":""space"",""original"":{""outside"":1,""in"":1},""candidate"":{},""field"":""premise""}]",0.4285714285714286,True,[],,,,,,,0.7795453667640686,0.028881462290883064,0.12960878014564514,0.028881462290883064,0.6554422974586487,0.286056786775589,,,,,,,sts_base_vs_large_disagreement|sts_base_below_0.85|sts_large_below_0.85
225,148356,,148356:hypothesis:fra_Latn,,hypothesis,contradiction,,,,,A red-haired rides a go-cart.,There's a red one in a go-kart.,0.9921894073486328,0.9404593706130981,0.9404593706130981,0.9921894073486328,0.9404593706130981,0.9404593706130981,contradiction,0.9984992742538452,contradiction,0.9992294311523438,,,[],"[{""group"":""number"",""original"":{},""candidate"":{""1"":1},""field"":""hypothesis""},{""group"":""space"",""original"":{},""candidate"":{""in"":1},""field"":""hypothesis""}]",0.4666666666666667,True,[],,,,,,,0.8051077723503113,0.9883949756622314,0.9818136692047119,0.9818136692047119,0.7982110977172852,-0.7591378092765808,,,,,,,sts_base_below_0.85|sts_large_below_0.85|bleurt_below_pass_p10
48,32673,,32673:hypothesis:fra_Latn,,hypothesis,contradiction,,,,,Noone is watching the man.,No one's watching him.,0.9975220561027527,0.9966239929199219,0.9966239929199219,0.9975220561027527,0.9966239929199219,0.9966239929199219,contradiction,0.9993467926979065,contradiction,0.9994598031044006,,,[],"[{""group"":""negation"",""original"":{""nobody"":1},""candidate"":{""no"":1},""field"":""hypothesis""}]",0.20833333333333337,True,[],,,,,,,0.8283897638320923,0.9918696880340576,0.9915674328804016,0.9915674328804016,0.9408746361732483,-0.8902280926704407,,,,,,,sts_base_vs_large_disagreement|sts_base_below_0.85|bleurt_below_pass_p10
181,117651,,117651:premise:fra_Latn,,premise,entailment,,,,,A dog taking a poop in the street.,A dog that's doing shit on the street.,0.9963812828063965,0.9952267408370972,0.9952267408370972,0.9963812828063965,0.9952267408370972,0.9952267408370972,entailment,0.9940306544303894,entailment,0.9904897212982178,,,[],"[{""group"":""space"",""original"":{""in"":1},""candidate"":{""on"":1},""field"":""premise""}]",0.25,True,[],,,,,,,0.8480260968208313,0.9915665984153748,0.9933860898017883,0.9915665984153748,0.9597871899604797,-0.31954339146614075,,,,,,,sts_base_vs_large_disagreement|sts_base_below_0.85|bleurt_below_pass_p10
416,285462,,285462:premise:fra_Latn,,premise,contradiction,,,,,A person in a dark wetsuit is surfing.,A person in a black suit surfing.,0.984784722328186,0.9858232736587524,0.984784722328186,0.984784722328186,0.9858232736587524,0.984784722328186,contradiction,0.9990559220314026,contradiction,0.9990963935852051,,,[],[],0.15492957746478875,True,[],,,,,,,0.8721159100532532,0.8166790008544922,0.15961822867393494,0.15961822867393494,0.7256734371185303,-0.2807386517524719,,,,,,,sts_base_vs_large_disagreement|sts_large_below_0.85|bleurt_below_pass_p10
729,499937,,499937:hypothesis:fra_Latn,,hypothesis,contradiction,,,,,The trumpeters are playing fiddles.,The trumpets play violins.,0.9897913932800293,0.9909977912902832,0.9897913932800293,0.9897913932800293,0.9909977912902832,0.9897913932800293,contradiction,0.9990154504776001,contradiction,0.9890896677970886,,,[],[],0.3114754098360656,True,[],,,,,,,0.4778638184070587,0.009784749709069729,0.017667163163423538,0.009784749709069729,0.5068690776824951,-0.01598323881626129,,,,,,,sts_base_below_0.85|sts_large_below_0.85
748,512053,,512053:hypothesis:fra_Latn,,hypothesis,contradiction,,,,,Nobody is performing.,No one's playing.,0.9962934851646423,0.9958156943321228,0.9958156943321228,0.9962934851646423,0.9958156943321228,0.9958156943321228,contradiction,0.9995456337928772,contradiction,0.9997307658195496,,,[],"[{""group"":""negation"",""original"":{""nobody"":1},""candidate"":{""no"":1},""field"":""hypothesis""}]",0.4736842105263158,True,[],,,,,,,0.5978107452392578,0.9814233183860779,0.989316463470459,0.9814233183860779,0.513242781162262,0.3049830496311188,,,,,,,sts_base_below_0.85|sts_large_below_0.85
242,166345,,166345:hypothesis:fra_Latn,,hypothesis,neutral,,,,,watched by a group,observed by a group,0.9914344549179077,0.9929113984107971,0.9914344549179077,0.9914344549179077,0.9929113984107971,0.9914344549179077,neutral,0.9992368221282959,neutral,0.9990070462226868,,,[],[],0.29729729729729726,True,[],,,,,,,0.6756428480148315,0.9756649136543274,0.9733701348304749,0.9733701348304749,0.9263675212860107,0.4154800772666931,,,,,,,sts_base_vs_large_disagreement|sts_base_below_0.85
474,319482,,319482:hypothesis:fra_Latn,,hypothesis,entailment,,,,,Two boys stretching for the sky,Two Boys Stretching to Heaven,0.9843989610671997,0.993966281414032,0.9843989610671997,0.9843989610671997,0.993966281414032,0.9843989610671997,entailment,0.9409997463226318,entailment,0.9359678626060486,,,[],[],0.19999999999999996,True,[],,,,,,,0.7382628321647644,0.973594605922699,0.9784215688705444,0.973594605922699,0.7578133344650269,0.41977840662002563,,,,,,,sts_base_below_0.85|sts_large_below_0.85
655,448093,,448093:premise:fra_Latn,,premise,entailment,,,,,"A security guard stands by a metal, lighted sculpture.",A security guard stands near a burning metal sculpture.,0.9680427312850952,0.9949285984039307,0.9680427312850952,0.9680427312850952,0.9949285984039307,0.9680427312850952,entailment,0.996647298336029,entailment,0.9952267408370972,,,[],"[{""group"":""space"",""original"":{},""candidate"":{""near"":1},""field"":""premise""}]",0.21100917431192656,True,[],,,,,,,0.7468477487564087,0.9932543635368347,0.9913569688796997,0.9913569688796997,0.8884587287902832,0.05743428319692612,,,,,,,sts_base_vs_large_disagreement|sts_base_below_0.85
778,531157,,531157:premise:fra_Latn,,premise,contradiction,,,,,A girl sitting in the back of a cart full of various belongings.,A girl sitting in the back of a wagon full of various items.,0.9874833822250366,0.9921896457672119,0.9874833822250366,0.9874833822250366,0.9921896457672119,0.9874833822250366,contradiction,0.9964371919631958,contradiction,0.9983067512512207,,,[],[],0.14516129032258063,True,[],,,,,,,0.7760118842124939,0.9640763998031616,0.9822390079498291,0.9640763998031616,0.9034542441368103,0.5770715475082397,,,,,,,sts_base_vs_large_disagreement|sts_base_below_0.85
265,178067,,178067:premise:fra_Latn,,premise,entailment,,,,,A man with a red hat looking at something in a glass counter and starfish on top in a metal container.,A man in a red hat looking at something in a glass counter and sea stars up in a metal container.,0.9908041954040527,0.9903861284255981,0.9903861284255981,0.9908041954040527,0.9903861284255981,0.9903861284255981,entailment,0.9927378296852112,entailment,0.9930031895637512,,,[],"[{""group"":""space"",""original"":{""in"":2,""on"":1},""candidate"":{""in"":3},""field"":""premise""}]",0.085427135678392,True,[],,,,,,,0.7896513938903809,0.024981455877423286,0.03298318386077881,0.024981455877423286,0.7600310444831848,0.4759819507598877,,,,,,,sts_base_below_0.85|sts_large_below_0.85
398,277346,,277346:premise:fra_Latn,,premise,entailment,,,,,A young male holding a fishing pole.,A young male holding a fishing rod.,0.9933163523674011,0.9930658340454102,0.9930658340454102,0.9933163523674011,0.9930658340454102,0.9930658340454102,entailment,0.993519127368927,entailment,0.9911513924598694,,,[],[],0.07042253521126762,True,[],,,,,,,0.7911200523376465,0.5162159204483032,0.7277551293373108,0.5162159204483032,0.7944557070732117,0.8565691709518433,,,,,,,sts_base_below_0.85|sts_large_below_0.85
288,196673,,196673:hypothesis:fra_Latn,,hypothesis,entailment,,,,,A biker reaches the apex of his ramp.,A motorcyclist reaches the top of his ramp.,0.99647456407547,0.9975177049636841,0.99647456407547,0.99647456407547,0.9975177049636841,0.99647456407547,entailment,0.9961351156234741,entailment,0.996746301651001,,,[],[],0.25,True,[],,,,,,,0.8258326053619385,0.9927070736885071,0.992469847202301,0.992469847202301,0.8346776366233826,0.6319105625152588,,,,,,,sts_base_below_0.85|sts_large_below_0.85
271,183621,,183621:hypothesis:fra_Latn,,hypothesis,entailment,,,,,The railings had designs.,The bars had patterns.,0.9917045831680298,0.9862465858459473,0.9862465858459473,0.9917045831680298,0.9862465858459473,0.9862465858459473,entailment,0.9866809844970703,entailment,0.9891960620880127,,,[],[],0.36170212765957444,True,[],,,,,,,0.8260533213615417,0.9884672164916992,0.9623226523399353,0.9623226523399353,0.8833873271942139,-0.2058921754360199,,,,,,,sts_base_below_0.85|bleurt_below_pass_p10
10,4403,,4403:premise:fra_Latn,,premise,neutral,,,,,A man in a unique costume is playing the bagpipes while some people stare at him.,A man in a unique suit plays a pipe while people watch him.,0.9796615839004517,0.9840208888053894,0.9796615839004517,0.9796615839004517,0.9840208888053894,0.9796615839004517,neutral,0.9945354461669922,neutral,0.989096999168396,,,[],"[{""group"":""quantifier"",""original"":{""some"":1},""candidate"":{},""field"":""premise""}]",0.2571428571428571,True,[],,,,,,,0.8310784101486206,0.9936133027076721,0.3984338045120239,0.3984338045120239,0.811390221118927,0.16842015087604523,,,,,,,sts_base_below_0.85|sts_large_below_0.85
756,515747,,515747:premise:fra_Latn,,premise,contradiction,,,,,A boy poses on a shadow-dappled lawn.,A boy poses on a shaded lawn.,0.9979311227798462,0.9961819648742676,0.9961819648742676,0.9979311227798462,0.9961819648742676,0.9961819648742676,contradiction,0.999180018901825,contradiction,0.9990308284759521,,,[],[],0.12121212121212122,True,[],,,,,,,0.8332055807113647,0.9927496910095215,0.973912239074707,0.973912239074707,0.9573758840560913,0.5791232585906982,,,,,,,sts_base_vs_large_disagreement|sts_base_below_0.85
618,421310,,421310:premise:fra_Latn,,premise,entailment,,,,,"A person, whose face is blocked, is working on a large wooden loom.",A person with a blocked face works on a large wooden weaver.,0.9636885523796082,0.9836710691452026,0.9636885523796082,0.9636885523796082,0.9836710691452026,0.9636885523796082,entailment,0.9957113265991211,entailment,0.9846476316452026,,,[],[],0.25984251968503935,True,[],,,,,,,0.8343913555145264,0.5783923268318176,0.9038298726081848,0.5783923268318176,0.8951889276504517,0.05223579704761505,,,,,,,sts_base_below_0.85|known_risk_source
245,167720,,167720:hypothesis:fra_Latn,,hypothesis,contradiction,,,,,There is an arabian man looking surprised.,There's an Arab who looks surprised.,0.9963451027870178,0.9119598269462585,0.9119598269462585,0.9963451027870178,0.9119598269462585,0.9119598269462585,contradiction,0.9985164999961853,contradiction,0.9980865716934204,,,[],[],0.20512820512820518,True,[],,,,,,,0.8410106897354126,0.9928684830665588,0.9765017628669739,0.9765017628669739,0.8328102827072144,0.5465585589408875,,,,,,,sts_base_below_0.85|sts_large_below_0.85
249,169167,,169167:premise:fra_Latn,,premise,neutral,,,,,Skater does a trick on a rail.,The skateboarder tricks on a rail.,0.9953483939170837,0.9980931878089905,0.9953483939170837,0.9953483939170837,0.9980931878089905,0.9953483939170837,neutral,0.9992984533309937,neutral,0.9993261098861694,,,[],[],0.21875,True,[],,,,,,,0.843204140663147,0.9607108235359192,0.9870861768722534,0.9607108235359192,0.964428722858429,0.014351673424243927,,,,,,,sts_base_vs_large_disagreement|sts_base_below_0.85
618,421310,,421310:hypothesis:fra_Latn,,hypothesis,entailment,,,,,"A person, whose face is blocked, is working on a wooden loom.",A person with a blocked face works on a wooden weaver.,0.960461437702179,0.9805117845535278,0.960461437702179,0.960461437702179,0.9805117845535278,0.960461437702179,entailment,0.9957113265991211,entailment,0.9641442894935608,,,[],[],0.28695652173913044,True,[],,,,,,,0.843838095664978,0.5376030802726746,0.8952896595001221,0.5376030802726746,0.8814945220947266,0.09427143633365631,,,,,,,sts_base_below_0.85|known_risk_source
552,366538,,366538:premise:fra_Latn,,premise,entailment,,,,,A woman in a hi-viz jacket is smiling at person carrying a stop sign in front of a crane.,A woman in a hi-viz jacket smiles at a person wearing a stop sign in front of a crane.,0.9831497073173523,0.9868284463882446,0.9831497073173523,0.9831497073173523,0.9868284463882446,0.9831497073173523,entailment,0.9981886744499207,entailment,0.9980161190032959,,,[],[],0.08571428571428574,True,[],,,,,,,0.8450536727905273,0.984891414642334,0.9878012537956238,0.984891414642334,0.9699109792709351,0.7698673009872437,,,,,,,sts_base_vs_large_disagreement|sts_base_below_0.85
59,42372,,42372:premise:fra_Latn,,premise,entailment,,,,,Young asian boy sits down and reads a book at a book fair as a female looks on.,A young Asian man is reading a book at a book fair in front of a woman.,0.9958205223083496,0.981825053691864,0.981825053691864,0.9958205223083496,0.981825053691864,0.981825053691864,entailment,0.991329550743103,entailment,0.9897957444190979,,,[],"[{""group"":""space"",""original"":{""on"":1},""candidate"":{""front"":1,""in"":1},""field"":""premise""}]",0.3466666666666667,True,[],,,,,,,0.887304425239563,0.9922387003898621,0.9470125436782837,0.9470125436782837,0.7826898097991943,0.10812261700630188,,,,,,,sts_base_vs_large_disagreement|sts_large_below_0.85
289,197235,,197235:premise:fra_Latn,,premise,entailment,,,,,A man is fishing on an inlet in the ocean.,A man fishing on a bay in the ocean.,0.9743945002555847,0.9864971041679382,0.9743945002555847,0.9743945002555847,0.9864971041679382,0.9743945002555847,entailment,0.9972240924835205,entailment,0.9966287016868591,,,[],[],0.15384615384615385,True,[],,,,,,,0.9126413464546204,0.20688800513744354,0.7901731133460999,0.20688800513744354,0.7615746855735779,0.13507424294948578,,,,,,,sts_base_vs_large_disagreement|sts_large_below_0.85
310,213279,,213279:premise:fra_Latn,,premise,entailment,,,,,A large duck in flight over a rocky stream.,A big duck flying on a rocky creek.,0.9652286171913147,0.9964841604232788,0.9652286171913147,0.9652286171913147,0.9964841604232788,0.9652286171913147,entailment,0.9973948001861572,entailment,0.9950607419013977,,,[],"[{""group"":""space"",""original"":{""over"":1,""in"":1},""candidate"":{""on"":1},""field"":""premise""}]",0.33333333333333337,True,[],,,,,,,0.9196224212646484,0.9505945444107056,0.9887304902076721,0.9505945444107056,0.797993004322052,0.6365587711334229,,,,,,,sts_base_vs_large_disagreement|sts_large_below_0.85
278,188555,,188555:hypothesis:fra_Latn,,hypothesis,entailment,,,,,People holding containers on alcohol.,People holding liquor containers.,0.9768820405006409,0.9205495119094849,0.9205495119094849,0.9768820405006409,0.9205495119094849,0.9205495119094849,entailment,0.9568198323249817,entailment,0.9946426153182983,,,[],"[{""group"":""space"",""original"":{""on"":1},""candidate"":{},""field"":""hypothesis""}]",0.2571428571428571,True,[],,,,,,,0.9227166175842285,0.9367350935935974,0.9627795815467834,0.9367350935935974,0.679595410823822,0.7430063486099243,,,,,,,sts_base_vs_large_disagreement|sts_large_below_0.85
216,142281,,142281:hypothesis:fra_Latn,,hypothesis,entailment,,,,,Men are carrying a shrine on their shoulders.,Men carry a sanctuary on their shoulders.,0.986981213092804,0.972724974155426,0.972724974155426,0.986981213092804,0.972724974155426,0.972724974155426,entailment,0.9963710308074951,entailment,0.9827350974082947,,,[],[],0.2093023255813954,True,[],,,,,,,0.9377518892288208,0.9803548455238342,0.944801926612854,0.944801926612854,0.8018372654914856,0.3392724394798279,,,,,,,sts_base_vs_large_disagreement|sts_large_below_0.85
278,188555,,188555:premise:fra_Latn,,premise,entailment,,,,,Several people are holding containers of alcohol in a room.,Several people keep liquor containers in a room.,0.9969966411590576,0.9926934242248535,0.9926934242248535,0.9969966411590576,0.9926934242248535,0.9926934242248535,entailment,0.9568198323249817,entailment,0.9127028584480286,,,[],[],0.28971962616822433,True,[],,,,,,,0.9568244218826294,0.9057170152664185,0.9888030886650085,0.9057170152664185,0.7426842451095581,0.6080390214920044,,,,,,,sts_base_vs_large_disagreement|sts_large_below_0.85
724,493759,,493759:hypothesis:fra_Latn,,hypothesis,contradiction,,,,,Dog sleeping,Dogs are sleeping,0.9903182983398438,0.9819629192352295,0.9819629192352295,0.9903182983398438,0.9819629192352295,0.9819629192352295,contradiction,0.999159574508667,contradiction,0.9994159936904907,,,[],[],0.1724137931034483,True,[],,,,,,,0.959400475025177,0.9538348317146301,0.9807960987091064,0.9538348317146301,0.7314122915267944,0.06631732732057571,,,,,,,sts_base_vs_large_disagreement|sts_large_below_0.85
672,458599,,458599:hypothesis:fra_Latn,,hypothesis,neutral,,,,,A man is riding his bicycle in the forest to exercise.,A man is cycling in the woods to train.,0.9970609545707703,0.9950292706489563,0.9950292706489563,0.9970609545707703,0.9950292706489563,0.9950292706489563,neutral,0.9978860020637512,neutral,0.9989452958106995,,,[],[],0.3548387096774194,True,[],,,,,,,0.9816820025444031,0.9543803334236145,0.9640951156616211,0.9543803334236145,0.8477240204811096,0.15748834609985352,,,,,,,sts_base_vs_large_disagreement|sts_large_below_0.85
94,62874,,62874:hypothesis:fra_Latn,,hypothesis,contradiction,,,,,A man is indoors watching TV.,There's a man in there watching TV.,0.9972188472747803,0.9005781412124634,0.9005781412124634,0.9972188472747803,0.9005781412124634,0.9005781412124634,contradiction,0.998729407787323,contradiction,0.997847318649292,,,[],"[{""group"":""space"",""original"":{},""candidate"":{""in"":1},""field"":""hypothesis""}]",0.3125,True,[],,,,,,,0.9881209135055542,0.99053555727005,0.9486891031265259,0.9486891031265259,0.8456389904022217,0.19107982516288757,,,,,,,sts_base_vs_large_disagreement|sts_large_below_0.85
677,463559,,463559:hypothesis:fra_Latn,,hypothesis,neutral,,,,,The woman is holding a rock.,The woman is holding a stone.,0.9979016780853271,0.9981499910354614,0.9979016780853271,0.9979016780853271,0.9981499910354614,0.9979016780853271,neutral,0.996781587600708,neutral,0.9978171586990356,,,[],[],0.1228070175438597,True,[],,,,,,,0.9967448711395264,0.9913689494132996,0.9912809729576111,0.9912809729576111,0.6652176976203918,1.0256626605987549,,,,,,,sts_base_vs_large_disagreement|sts_large_below_0.85
8,3931,,3931:hypothesis:fra_Latn,,hypothesis,contradiction,,,,,There are thousands of people watching them perform.,Thousands of people watch them play.,0.9955645799636841,0.9959243535995483,0.9955645799636841,0.9955645799636841,0.9959243535995483,0.9955645799636841,contradiction,0.9816632270812988,contradiction,0.9844326972961426,,,[],[],0.25,True,[],,,,,,,0.8040384650230408,0.9897245168685913,0.9938084483146667,0.9897245168685913,0.8567588329315186,0.585245668888092,,,,,,,sts_base_below_0.85
411,282246,,282246:hypothesis:fra_Latn,,hypothesis,neutral,,,,,They play a gig at a bar,They're playing a concert in a bar.,0.9497786164283752,0.996370792388916,0.9497786164283752,0.9497786164283752,0.996370792388916,0.9497786164283752,neutral,0.9989783763885498,neutral,0.9988555908203125,,,[],"[{""group"":""space"",""original"":{},""candidate"":{""in"":1},""field"":""hypothesis""}]",0.35593220338983056,True,[],,,,,,,0.8086318969726562,0.9881095290184021,0.9909731149673462,0.9881095290184021,0.8522782921791077,0.2482953667640686,,,,,,,sts_base_below_0.85
7,3208,,3208:premise:fra_Latn,,premise,entailment,,,,,A boat captain steering a large green wheel.,A ship captain driving a big green wheel.,0.9961495399475098,0.997067391872406,0.9961495399475098,0.9961495399475098,0.997067391872406,0.9961495399475098,entailment,0.9686083197593689,entailment,0.9822490215301514,,,[],[],0.24705882352941178,True,[],,,,,,,0.8202070593833923,0.9850006103515625,0.9882751703262329,0.9850006103515625,0.884244441986084,0.7450531125068665,,,,,,,sts_base_below_0.85
231,155127,,155127:premise:fra_Latn,,premise,entailment,,,,,A skateboarder riding up to a slope.,A skateboarder who climbs a slope.,0.9950047135353088,0.9910622835159302,0.9910622835159302,0.9950047135353088,0.9910622835159302,0.9910622835159302,entailment,0.9953990578651428,entailment,0.993672251701355,,,[],[],0.2857142857142857,True,[],,,,,,,0.8329975008964539,0.9764434099197388,0.9583739638328552,0.9583739638328552,0.8624320030212402,0.5211786031723022,,,,,,,sts_base_below_0.85
674,459828,,459828:hypothesis:fra_Latn,,hypothesis,entailment,,,,,Someone is jumping.,Somebody's going to jump.,0.9948240518569946,0.9834798574447632,0.9834798574447632,0.9948240518569946,0.9834798574447632,0.9834798574447632,entailment,0.9872714877128601,entailment,0.893547773361206,,,[],[],0.40909090909090906,True,[],,,,,,,0.8391153216362,0.985815167427063,0.9790266752243042,0.9790266752243042,0.8634681701660156,0.55462247133255,,,,,,,sts_base_below_0.85
216,142281,,142281:premise:fra_Latn,,premise,entailment,,,,,Men wearing black and white striped shirts and red scarves carry a shrine on their shoulders.,Men wearing black and white striped shirts and scarlet scarves were carrying a shrine on their shoulders.,0.9800553321838379,0.9897345304489136,0.9800553321838379,0.9800553321838379,0.9897345304489136,0.9800553321838379,entailment,0.9963710308074951,entailment,0.994147777557373,,,[],[],0.07070707070707072,True,[],,,,,,,0.8431555032730103,0.2740873396396637,0.5146816372871399,0.2740873396396637,0.856364905834198,0.6646829843521118,,,,,,,sts_base_below_0.85
116,73032,,73032:premise:fra_Latn,,premise,contradiction,,,,,A man wearing blue jeans is standing outside carrying a wide assortment of items and has a large dish on his head.,A man standing outside in blue jeans wearing a wide variety of items and a large plate on his head.,0.9768606424331665,0.9800644516944885,0.9768606424331665,0.9768606424331665,0.9800644516944885,0.9768606424331665,contradiction,0.9949851036071777,contradiction,0.9626449942588806,,,[],"[{""group"":""space"",""original"":{""outside"":1,""on"":1},""candidate"":{""outside"":1,""in"":1,""on"":1},""field"":""premise""}]",0.30516431924882625,True,[],,,,,,,0.8456032872200012,0.9290503263473511,0.9284406304359436,0.9284406304359436,0.8549143671989441,0.40900057554244995,,,,,,,sts_base_below_0.85
510,341229,,341229:premise:fra_Latn,,premise,contradiction,,,,,Two woman with white head coverings are gazing at a cellphone.,Two women wearing white blankets are looking at a cell phone.,0.9794538617134094,0.9953397512435913,0.9794538617134094,0.9794538617134094,0.9953397512435913,0.9794538617134094,contradiction,0.9993318915367126,contradiction,0.9993778467178345,,,[],[],0.2845528455284553,True,[],,,,,,,0.849591851234436,0.9564805626869202,0.9789186120033264,0.9564805626869202,0.9024019241333008,0.60367751121521,,,,,,,sts_base_below_0.85
607,407321,,407321:hypothesis:fra_Latn,,hypothesis,neutral,,,,,a person is laying down because he is having a heart attack,a person goes to bed because they have a heart attack,0.9921159148216248,0.9825989007949829,0.9825989007949829,0.9921159148216248,0.9825989007949829,0.9825989007949829,neutral,0.9973529577255249,neutral,0.9970417618751526,,,[],[],0.2321428571428571,True,[],,,,,,,0.8602103590965271,0.9891393780708313,0.9888671040534973,0.9888671040534973,0.9674487709999084,0.14165106415748596,,,,,,,sts_base_vs_large_disagreement
580,384316,,384316:hypothesis:fra_Latn,,hypothesis,contradiction,,,,,Everyone is awake riding the bus.,Everybody's up on the bus.,0.9973593354225159,0.9968541264533997,0.9968541264533997,0.9973593354225159,0.9968541264533997,0.9968541264533997,contradiction,0.9994187355041504,contradiction,0.9986770749092102,,,[],"[{""group"":""space"",""original"":{},""candidate"":{""on"":1},""field"":""hypothesis""}]",0.4576271186440678,True,[],,,,,,,0.8679975867271423,0.993619978427887,0.9925651550292969,0.9925651550292969,0.9098747968673706,-0.10952242463827133,,,,,,,bleurt_below_pass_p10
446,301629,,301629:hypothesis:fra_Latn,,hypothesis,contradiction,,,,,A woman is surfing.,She's a surfer.,0.9829875230789185,0.9943209886550903,0.9829875230789185,0.9829875230789185,0.9943209886550903,0.9829875230789185,contradiction,0.9994062185287476,contradiction,0.9983121156692505,,,[],[],0.5882352941176471,True,[],,,,,,,0.8881576061248779,0.991333544254303,0.9928969740867615,0.991333544254303,0.959678590297699,-0.37918880581855774,,,,,,,bleurt_below_pass_p10
120,74358,,74358:premise:fra_Latn,,premise,contradiction,,,,,A group examines a run down house.,A group is looking at a house that is in ruins.,0.9920390844345093,0.9981092214584351,0.9920390844345093,0.9920390844345093,0.9981092214584351,0.9920390844345093,contradiction,0.9986496567726135,contradiction,0.9959797859191895,,,[],"[{""group"":""space"",""original"":{},""candidate"":{""in"":1},""field"":""premise""}]",0.5061728395061729,True,[],,,,,,,0.8958436250686646,0.9908889532089233,0.9893799424171448,0.9893799424171448,0.8359516263008118,0.42070290446281433,,,,,,,sts_large_below_0.85
655,448093,,448093:hypothesis:fra_Latn,,hypothesis,entailment,,,,,A person guards a sculpture.,A person keeps a sculpture.,0.9924302697181702,0.9604913592338562,0.9604913592338562,0.9924302697181702,0.9604913592338562,0.9604913592338562,entailment,0.996647298336029,entailment,0.9665510654449463,,,[],[],0.1636363636363637,True,[],,,,,,,0.8985587954521179,0.9891970753669739,0.8942425847053528,0.8942425847053528,0.8496934771537781,0.26669418811798096,,,,,,,sts_large_below_0.85
288,196673,,196673:premise:fra_Latn,,premise,entailment,,,,,A biker reaches the apex of his ramp while onlookers watch his feat.,A motorcyclist reaches the top of his ramp while spectators watch his feat.,0.9972023963928223,0.9974448680877686,0.9972023963928223,0.9972023963928223,0.9974448680877686,0.9972023963928223,entailment,0.9961351156234741,entailment,0.997423529624939,,,[],[],0.23076923076923073,True,[],,,,,,,0.9036275148391724,0.9937928915023804,0.9938957095146179,0.9937928915023804,0.8489482402801514,0.6413547992706299,,,,,,,sts_large_below_0.85
187,123524,,123524:premise:fra_Latn,,premise,contradiction,,,,,Factory workers standing in uniform next to their product.,The factory workers standing in uniform next to their produce.,0.9877675771713257,0.9954739212989807,0.9877675771713257,0.9877675771713257,0.9954739212989807,0.9877675771713257,contradiction,0.999640703201294,contradiction,0.9996335506439209,,,[],[],0.050000000000000044,True,[],,,,,,,0.9404431581497192,0.9754147529602051,0.9841181039810181,0.9754147529602051,0.8406887054443359,0.7659081816673279,,,,,,,sts_large_below_0.85
776,528520,,528520:hypothesis:fra_Latn,,hypothesis,entailment,,,,,A person is surfing.,A surfer.,0.9908934831619263,0.9865992069244385,0.9865992069244385,0.9908934831619263,0.9865992069244385,0.9865992069244385,entailment,0.9964052438735962,entailment,0.9950320720672607,,,[],[],0.5172413793103448,True,[],,,,,,,0.9469156265258789,0.9913457632064819,0.991814911365509,0.9913457632064819,0.9538227915763855,-0.23334959149360657,,,,,,,bleurt_below_pass_p10
758,517858,,517858:premise:fra_Latn,,premise,entailment,,,,,Older female walking with cane next to flower wreaths.,An older female walks with a cane next to flower crowns.,0.9931578040122986,0.9706286787986755,0.9706286787986755,0.9931578040122986,0.9706286787986755,0.9706286787986755,entailment,0.9981517195701599,entailment,0.9977967739105225,,,[],[],0.1636363636363637,True,[],,,,,,,0.9476796388626099,0.2863321006298065,0.3356037437915802,0.2863321006298065,0.8558769822120667,0.5326353311538696,,,,,,,known_risk_source
759,518461,,518461:hypothesis:fra_Latn,,hypothesis,entailment,,,,,An animal outdoors.,It's an animal out there.,0.9901326894760132,0.9902374148368835,0.9901326894760132,0.9901326894760132,0.9902374148368835,0.9901326894760132,entailment,0.9955198764801025,entailment,0.9685705304145813,,,[],[],0.31818181818181823,True,[],,,,,,,0.9478611350059509,0.9903606176376343,0.9934453964233398,0.9903606176376343,0.9626888632774353,-0.4826679527759552,,,,,,,bleurt_below_pass_p10
287,195920,,195920:hypothesis:fra_Latn,,hypothesis,entailment,,,,,The man is all alone on the ground.,The man is alone on the floor.,0.9810636043548584,0.9825344681739807,0.9810636043548584,0.9810636043548584,0.9825344681739807,0.9810636043548584,entailment,0.9821902513504028,entailment,0.9897050261497498,,,[],"[{""group"":""quantifier"",""original"":{""all"":1},""candidate"":{},""field"":""hypothesis""}]",0.19999999999999996,True,[],,,,,,,0.9894497990608215,0.993841290473938,0.994256317615509,0.993841290473938,0.8710569739341736,0.9334558248519897,,,,,,,sts_base_vs_large_disagreement
314,215221,,215221:hypothesis:fra_Latn,,hypothesis,neutral,,,,,A person is in a waveboader competition.,A person is taking part in a waveboader competition.,0.996536135673523,0.9972042441368103,0.996536135673523,0.996536135673523,0.9972042441368103,0.996536135673523,neutral,0.9949972629547119,neutral,0.9980021119117737,,,[],[],0.13043478260869568,True,[],,,,,,,0.9950165152549744,0.9905276298522949,0.9850045442581177,0.9850045442581177,0.9688803553581238,0.8538420796394348,,,,,,,known_risk_source
780,534650,,534650:hypothesis:fra_Latn,,hypothesis,contradiction,,,,,The person is laying on the ground.,The person is lying on the floor.,0.952278196811676,0.978779137134552,0.952278196811676,0.952278196811676,0.978779137134552,0.952278196811676,contradiction,0.9995025396347046,contradiction,0.9992982149124146,,,[],[],0.1470588235294118,True,[],,,,,,,0.9958785772323608,0.9921262264251709,0.9921380877494812,0.9921262264251709,0.8509881496429443,1.040347933769226,,,,,,,sts_base_vs_large_disagreement
39,27080,,27080:premise:fra_Latn,,premise,entailment,,,,,"A man wearing a gray hooded sweatshirt, blue jeans, and white and gray socks is putting his foot on top of his head.","A man in a gray sweatshirt, blue jeans, and white and gray socks sets foot on his head.",0.996000349521637,0.9251251220703125,0.9251251220703125,0.996000349521637,0.9251251220703125,0.9251251220703125,entailment,0.9898721575737,entailment,0.9698268175125122,,,[],"[{""group"":""space"",""original"":{""on"":1},""candidate"":{""in"":1,""on"":1},""field"":""premise""}]",0.15270935960591137,True,[],,,,,,,0.9961361289024353,0.993507981300354,0.771885097026825,0.771885097026825,0.8913343548774719,0.6558305621147156,,,,,,,sts_base_vs_large_disagreement
472,316876,,316876:premise:fra_Latn,,premise,neutral,,,,,A young girl holds a crying infant.,A young girl holds a crying baby.,0.9975473284721375,0.9964913725852966,0.9964913725852966,0.9975473284721375,0.9964913725852966,0.9964913725852966,neutral,0.9991544485092163,neutral,0.9987741112709045,,,[],[],0.11764705882352944,True,[],,,,,,,0.9964659214019775,0.993034839630127,0.9908894896507263,0.9908894896507263,0.8553506731987,1.024065375328064,,,,,,,sts_base_vs_large_disagreement
400,277576,,277576:hypothesis:fra_Latn,,hypothesis,contradiction,,,,,The golfer is preparing food for dinner.,The golfer prepares food for dinner.,0.9971822500228882,0.9962406158447266,0.9962406158447266,0.9971822500228882,0.9962406158447266,0.9962406158447266,contradiction,0.9994262456893921,contradiction,0.9994993209838867,,,[],[],0.10526315789473684,True,[],,,,,,,0.9965157508850098,0.9930972456932068,0.9903385043144226,0.9903385043144226,0.96684730052948,0.8566367626190186,,,,,,,known_risk_source
758,517858,,517858:hypothesis:fra_Latn,,hypothesis,entailment,,,,,An older woman is walking with a cane.,An old woman walks with a cane.,0.9978854060173035,0.9971760511398315,0.9971760511398315,0.9978854060173035,0.9971760511398315,0.9971760511398315,entailment,0.9981517195701599,entailment,0.9978430271148682,,,[],[],0.13043478260869568,True,[],,,,,,,0.9966577291488647,0.9928272366523743,0.9916476011276245,0.9916476011276245,0.9676405191421509,0.7383006811141968,,,,,,,known_risk_source
545,360401,,360401:premise:fra_Latn,,premise,neutral,,,,,A policeman in sunglasses and uniform with other policemen.,A cop in sunglasses and a uniform with other cops.,0.9964563250541687,0.9962242841720581,0.9962242841720581,0.9964563250541687,0.9962242841720581,0.9962242841720581,neutral,0.9942470788955688,neutral,0.9948586225509644,,,[],[],0.21100917431192656,True,[],,,,,,,0.9967305660247803,0.9916549921035767,0.9813546538352966,0.9813546538352966,0.8809630870819092,0.7221552729606628,,,,,,,sts_base_vs_large_disagreement
198,132011,,132011:premise:fra_Latn,,premise,entailment,,,,,"A woman and a man sit on a stone bench, with tall buildings behind them.","A woman and a man are sitting on a rock bench, with tall buildings behind them.",0.9931992888450623,0.9943504929542542,0.9931992888450623,0.9931992888450623,0.9943504929542542,0.9931992888450623,entailment,0.9983224272727966,entailment,0.9982289671897888,,,[],[],0.09933774834437081,True,[],,,,,,,0.9968173503875732,0.993485152721405,0.9935452938079834,0.993485152721405,0.8903162479400635,0.8947490453720093,,,,,,,sts_base_vs_large_disagreement
